Fecha,Producto,Cantidad,Precio Unitario,Vendedor,Promoción,Hora
2024-01-01,Leche,1,23.12,Sofía,No,14:58:50
2024-01-01,Galletas,8,30.06,Carlos,Sí,12:08:48
2024-01-01,Té,10,60.96,Sofía,Sí,12:06:46
2024-01-01,Té,6,38.05,Ana,No,14:20:39
2024-01-02,Cereal,8,65.57,María,Sí,20:58:35
2024-01-02,Café,2,55.38,Jorge,Sí,17:31:52
2024-01-03,Pan,6,54.25,Ana,Sí,17:14:15
2024-01-03,Chocolate,9,36.36,Ana,No,16:59:31
2024-01-03,Té,5,43.59,Luis,Sí,16:21:52
2024-01-04,Pan,10,43.31,María,No,09:38:51
2024-01-04,Leche,6,45.3,María,Sí,11:52:11
2024-01-04,Café,10,73.69,María,No,09:05:43
2024-01-04,Chocolate,3,69.64,Ana,No,19:33:17
2024-01-04,Pan,4,67.65,Sofía,No,17:17:28
2024-01-05,Azúcar,2,27.7,Ana,No,17:40:21
2024-01-05,Pan,4,6.13,María,Sí,19:14:23
2024-01-05,Chocolate,6,34.83,Ana,Sí,20:09:54
2024-01-05,Pan,1,62.2,Luis,Sí,08:07:40
2024-01-06,Té,7,11.41,Ana,Sí,17:01:12
2024-01-06,Chocolate,2,38.55,Luis,Sí,18:01:34
2024-01-07,Té,5,9.9,Ana,No,13:27:11
2024-01-07,Café,9,37.7,Sofía,Sí,19:25:12
2024-01-07,Galletas,6,68.31,Jorge,Sí,19:43:13
2024-01-07,Café,3,64.18,María,No,09:38:58
2024-01-08,Chocolate,1,38.01,Jorge,No,18:22:24
2024-01-08,Galletas,3,44.24,Ana,No,19:05:21
2024-01-08,Café,9,24.66,Carlos,No,13:39:18
2024-01-08,Azúcar,10,71.28,Luis,Sí,19:19:24
2024-01-09,Té,1,46.62,Luis,No,10:15:14
2024-01-09,Cereal,7,54.72,Luis,No,08:25:55
2024-01-09,Leche,1,16.6,Ana,No,19:10:28
2024-01-09,Cereal,9,47.28,Ana,Sí,15:20:19
2024-01-10,Café,7,18.16,Luis,Sí,19:08:00
2024-01-10,Leche,7,27.13,Carlos,Sí,19:48:00
2024-01-10,Té,4,13.32,Luis,Sí,12:17:44
2024-01-10,Chocolate,2,38.29,Jorge,Sí,08:17:58
2024-01-11,Té,5,14.34,Sofía,No,09:55:09
2024-01-11,Galletas,1,7.96,Carlos,No,16:20:23
2024-01-11,Café,10,50.88,Luis,No,18:27:23
2024-01-11,Chocolate,4,31.29,María,Sí,10:09:17
2024-01-12,Azúcar,6,55.29,María,Sí,08:17:10
2024-01-12,Chocolate,10,25.27,Jorge,Sí,12:07:30
2024-01-12,Pan,1,26.55,Sofía,Sí,12:25:53
2024-01-13,Galletas,7,12.61,Sofía,No,15:21:53
2024-01-13,Azúcar,2,38.54,Luis,No,14:02:19
2024-01-13,Azúcar,3,69.38,Luis,No,20:40:05
2024-01-14,Té,4,57.49,Ana,No,08:06:25
2024-01-15,Galletas,8,69.41,Sofía,Sí,14:05:23
2024-01-15,Pan,5,45.97,Carlos,No,11:22:07
2024-01-15,Té,1,68.21,Jorge,Sí,09:31:25
2024-01-15,Galletas,4,49.87,Carlos,Sí,09:12:29
2024-01-15,Leche,6,43.25,Carlos,Sí,17:31:09
2024-01-16,Leche,7,66.44,Jorge,No,15:31:40
2024-01-16,Pan,9,47.68,Carlos,Sí,13:45:47
2024-01-16,Azúcar,6,7.48,Carlos,No,17:50:09
2024-01-16,Leche,10,25.61,Luis,No,09:51:05
2024-01-16,Café,2,20.76,Ana,No,08:48:54
2024-01-17,Azúcar,3,61.05,Luis,No,13:32:24
2024-01-17,Café,10,11.35,Sofía,Sí,19:27:57
2024-01-17,Pan,5,42.48,Sofía,No,15:54:50
2024-01-17,Leche,10,46.05,Ana,Sí,19:11:19
2024-01-18,Galletas,6,9.59,María,No,20:26:24
2024-01-18,Leche,1,16.47,Carlos,Sí,12:46:53
2024-01-18,Azúcar,1,70.93,Jorge,No,10:31:56
2024-01-18,Té,3,61.72,María,No,08:39:29
2024-01-18,Leche,8,8.29,Jorge,Sí,08:02:38
2024-01-19,Chocolate,6,12.37,Sofía,No,11:24:50
2024-01-19,Cereal,2,66.69,Sofía,No,17:40:59
2024-01-19,Azúcar,2,72.86,Luis,No,20:54:08
2024-01-19,Leche,5,69.18,Luis,Sí,16:55:50
2024-01-19,Pan,1,59.75,Jorge,No,20:12:29
2024-01-20,Té,1,68.13,Ana,No,12:57:01
2024-01-20,Pan,4,11.54,Luis,No,16:19:07
2024-01-20,Chocolate,7,67.43,Jorge,Sí,09:26:04
2024-01-21,Leche,3,56.4,Ana,No,14:43:26
2024-01-22,Cereal,6,55.58,Ana,No,09:07:22
2024-01-23,Azúcar,6,17.45,Carlos,No,09:38:57
2024-01-24,Pan,1,19.34,Luis,Sí,19:00:18
2024-01-24,Azúcar,1,70.3,Carlos,Sí,10:29:07
2024-01-25,Azúcar,5,14.11,Carlos,No,13:30:18
2024-01-25,Galletas,9,49.51,Carlos,Sí,09:34:37
2024-01-25,Galletas,3,31.36,Carlos,Sí,20:14:20
2024-01-25,Pan,4,57.84,María,No,14:42:02
2024-01-26,Café,7,10.45,Ana,Sí,14:19:35
2024-01-26,Leche,3,46.38,María,No,09:15:28
2024-01-27,Café,7,33.6,Jorge,No,15:13:23
2024-01-27,Galletas,8,11.37,Carlos,Sí,12:07:35
2024-01-27,Chocolate,8,69.98,Carlos,No,14:11:15
2024-01-28,Azúcar,9,14.98,Jorge,Sí,15:48:13
2024-01-28,Galletas,1,63.11,Jorge,No,08:13:19
2024-01-28,Té,5,43.16,Carlos,No,19:48:30
2024-01-28,Té,8,58.21,Carlos,No,12:40:01
2024-01-29,Galletas,1,5.02,Jorge,No,15:06:47
2024-01-30,Azúcar,5,65.99,Luis,Sí,17:05:02
2024-01-30,Té,5,26.39,María,Sí,16:55:15
2024-01-30,Chocolate,2,34.04,María,No,16:08:36
2024-01-31,Pan,9,12.37,Luis,No,19:49:57
2024-01-31,Galletas,5,35.97,Sofía,Sí,10:07:44
2024-01-31,Té,7,33.09,Jorge,Sí,16:42:19
2024-01-31,Azúcar,8,56.96,Carlos,No,15:44:32
2024-01-31,Azúcar,8,50.64,Ana,No,12:09:47
2024-02-01,Café,10,20.1,María,No,14:56:00
2024-02-01,Té,2,53.04,Luis,No,08:23:02
2024-02-01,Té,10,5.26,María,No,19:57:14
2024-02-01,Chocolate,10,25.15,Ana,No,15:45:21
2024-02-02,Chocolate,6,34.52,Luis,No,10:28:59
2024-02-02,Chocolate,9,27.13,Carlos,Sí,15:22:50
2024-02-02,Leche,7,61.48,Jorge,Sí,20:12:28
2024-02-02,Pan,10,54.7,Jorge,Sí,11:40:05
2024-02-03,Azúcar,1,57.02,Luis,Sí,11:39:19
2024-02-03,Té,9,57.6,María,No,15:03:40
2024-02-04,Leche,10,36.82,María,No,11:21:17
2024-02-04,Café,1,8.68,María,Sí,12:41:00
2024-02-04,Chocolate,2,60.07,Luis,Sí,17:25:35
2024-02-04,Pan,8,18.5,Sofía,Sí,17:56:05
2024-02-04,Azúcar,6,42.51,María,No,08:33:02
2024-02-05,Azúcar,2,19.67,Sofía,No,11:53:12
2024-02-05,Galletas,5,26.86,Jorge,No,15:22:55
2024-02-06,Café,5,70.39,Ana,Sí,15:31:46
2024-02-06,Cereal,1,69.2,Jorge,No,15:28:07
2024-02-07,Té,4,11.91,Carlos,No,11:28:39
2024-02-08,Leche,9,57.84,Jorge,Sí,10:15:31
2024-02-09,Chocolate,5,70.41,María,No,09:35:57
2024-02-09,Galletas,10,42.88,Carlos,No,20:28:32
2024-02-10,Cereal,9,49.4,María,Sí,08:07:39
2024-02-10,Té,3,56.3,Carlos,Sí,12:56:47
2024-02-10,Café,9,41.07,Ana,Sí,14:41:17
2024-02-10,Té,10,30.12,Luis,No,11:47:53
2024-02-10,Pan,2,41.27,Luis,No,11:23:40
2024-02-11,Galletas,10,17.0,Ana,No,13:37:40
2024-02-11,Café,3,66.38,Carlos,Sí,16:04:08
2024-02-11,Pan,8,44.86,Luis,Sí,11:46:08
2024-02-11,Pan,7,29.74,Sofía,Sí,18:31:57
2024-02-12,Café,9,46.73,Jorge,No,12:00:14
2024-02-13,Chocolate,8,61.65,Luis,No,16:20:45
2024-02-13,Té,5,14.62,Jorge,Sí,13:50:18
2024-02-13,Leche,1,19.61,María,Sí,13:55:28
2024-02-13,Pan,5,29.09,Carlos,No,08:22:36
2024-02-13,Café,3,29.74,Jorge,Sí,08:15:02
2024-02-14,Pan,6,9.66,Ana,No,18:27:08
2024-02-15,Cereal,7,14.94,María,Sí,18:21:46
2024-02-15,Leche,7,5.67,María,No,20:02:36
2024-02-16,Leche,7,16.99,Sofía,Sí,17:55:42
2024-02-17,Chocolate,2,28.1,Carlos,Sí,08:51:57
2024-02-17,Chocolate,9,16.78,Ana,No,17:06:39
2024-02-17,Cereal,3,48.05,Ana,No,13:51:47
2024-02-17,Leche,1,48.8,Ana,No,09:22:18
2024-02-17,Chocolate,8,21.53,María,Sí,19:48:25
2024-02-18,Galletas,8,71.11,Ana,No,16:57:18
2024-02-18,Cereal,1,59.1,Sofía,No,18:02:29
2024-02-18,Leche,2,33.26,Jorge,Sí,08:17:47
2024-02-19,Galletas,10,54.19,María,Sí,20:33:33
2024-02-20,Leche,5,19.63,Sofía,No,20:59:15
2024-02-20,Azúcar,3,69.15,Carlos,No,19:52:00
2024-02-20,Café,10,15.93,María,No,12:40:18
2024-02-21,Cereal,7,47.05,Carlos,Sí,20:09:36
2024-02-21,Café,8,13.81,Ana,No,18:52:42
2024-02-21,Galletas,10,18.14,Sofía,No,12:53:11
2024-02-22,Chocolate,2,51.12,Carlos,Sí,16:40:50
2024-02-22,Leche,7,23.6,María,Sí,14:49:52
2024-02-22,Galletas,5,42.65,Sofía,No,13:12:45
2024-02-22,Leche,3,64.13,Sofía,Sí,20:42:44
2024-02-22,Leche,6,37.49,Ana,No,18:39:51
2024-02-23,Café,6,42.04,Carlos,Sí,18:22:40
2024-02-23,Cereal,1,56.16,Carlos,Sí,12:11:48
2024-02-24,Té,10,36.37,Luis,No,16:57:51
2024-02-24,Té,4,16.51,Ana,No,18:25:17
2024-02-24,Galletas,7,66.73,María,No,09:19:01
2024-02-24,Cereal,1,58.38,Carlos,No,14:27:49
2024-02-25,Café,10,37.57,Sofía,Sí,17:45:17
2024-02-25,Azúcar,1,32.87,Sofía,Sí,08:05:36
2024-02-25,Azúcar,6,5.31,Carlos,Sí,18:34:30
2024-02-25,Café,6,69.97,Ana,No,14:57:08
2024-02-26,Leche,3,46.7,Jorge,No,16:03:10
2024-02-26,Chocolate,3,68.74,Luis,Sí,19:52:33
2024-02-26,Café,9,53.38,Luis,No,10:22:51
2024-02-27,Té,2,44.19,María,Sí,20:16:20
2024-02-27,Galletas,5,41.22,Jorge,Sí,20:57:28
2024-02-27,Chocolate,1,49.28,Carlos,Sí,20:20:52
2024-02-27,Té,4,50.39,Jorge,Sí,20:29:33
2024-02-27,Chocolate,6,68.89,Carlos,No,20:35:03
2024-02-28,Té,9,29.04,Ana,Sí,14:38:22
2024-02-28,Cereal,6,63.35,Sofía,No,18:07:08
2024-02-28,Azúcar,1,17.78,Carlos,Sí,13:56:38
2024-02-28,Pan,1,33.97,Ana,No,20:24:58
2024-02-28,Café,10,58.73,Luis,Sí,13:58:53
2024-02-29,Leche,1,35.85,Sofía,No,18:19:36
2024-03-01,Leche,3,7.15,María,Sí,14:04:22
2024-03-01,Té,2,6.83,Ana,Sí,14:39:44
2024-03-01,Café,6,36.95,Sofía,No,15:05:54
2024-03-01,Café,9,65.35,María,Sí,18:33:06
2024-03-02,Azúcar,6,71.86,Jorge,Sí,10:58:33
2024-03-03,Café,1,31.37,Carlos,Sí,10:11:49
2024-03-03,Chocolate,4,71.02,Sofía,No,08:30:56
2024-03-03,Leche,1,20.85,Luis,No,13:10:15
2024-03-04,Pan,3,66.48,Jorge,No,17:08:24
2024-03-04,Café,3,70.12,Ana,No,19:51:11
2024-03-04,Chocolate,1,6.76,María,Sí,08:03:49
2024-03-05,Chocolate,3,52.15,Jorge,Sí,14:27:36
2024-03-06,Pan,3,30.48,Carlos,No,09:08:26
2024-03-06,Azúcar,2,35.21,Jorge,Sí,15:24:14
2024-03-06,Leche,4,50.17,Jorge,Sí,12:17:56
2024-03-07,Azúcar,9,6.52,Sofía,No,11:17:02
2024-03-07,Azúcar,7,72.49,Ana,Sí,10:45:25
2024-03-07,Café,7,56.17,Jorge,No,09:45:29
2024-03-07,Cereal,3,16.87,Jorge,No,10:37:58
2024-03-07,Galletas,9,12.88,María,No,10:40:22
2024-03-08,Café,4,66.4,María,Sí,19:37:20
2024-03-08,Galletas,7,49.41,María,No,08:43:26
2024-03-08,Galletas,7,55.95,María,Sí,10:07:39
2024-03-08,Azúcar,3,7.19,Sofía,No,15:04:41
2024-03-09,Leche,9,55.83,Carlos,Sí,10:13:10
2024-03-10,Café,9,14.49,Jorge,No,17:47:18
2024-03-10,Azúcar,2,61.18,Jorge,No,10:21:40
2024-03-11,Azúcar,9,53.66,Jorge,No,11:56:58
2024-03-11,Leche,6,32.32,Jorge,No,14:26:52
2024-03-11,Té,3,15.34,Sofía,Sí,19:49:41
2024-03-11,Pan,10,50.1,Sofía,Sí,12:44:46
2024-03-11,Chocolate,7,10.98,Ana,Sí,09:57:23
2024-03-12,Azúcar,2,52.32,María,No,18:31:51
2024-03-12,Pan,3,44.32,Ana,Sí,08:52:41
2024-03-12,Chocolate,9,33.62,Luis,Sí,15:45:43
2024-03-12,Leche,5,6.48,Carlos,No,10:56:28
2024-03-13,Café,7,70.06,Ana,No,13:14:32
2024-03-13,Cereal,1,38.6,Ana,No,16:31:35
2024-03-13,Leche,8,23.57,Carlos,No,10:19:54
2024-03-13,Chocolate,8,9.82,Ana,No,14:36:26
2024-03-13,Té,5,38.76,Ana,No,10:23:51
2024-03-14,Chocolate,1,62.61,Carlos,Sí,08:02:55
2024-03-15,Cereal,2,70.19,Sofía,No,20:21:55
2024-03-15,Té,1,21.92,Jorge,No,12:14:00
2024-03-15,Cereal,6,71.28,Sofía,No,09:04:19
2024-03-15,Leche,4,56.73,Jorge,Sí,11:18:59
2024-03-16,Cereal,6,24.8,Sofía,Sí,20:07:25
2024-03-16,Azúcar,9,65.81,Carlos,No,18:58:22
2024-03-17,Galletas,6,73.09,Luis,No,09:30:57
2024-03-17,Galletas,2,36.22,María,Sí,19:11:59
2024-03-17,Azúcar,8,21.01,Luis,No,14:29:32
2024-03-17,Cereal,10,62.99,Carlos,No,16:19:31
2024-03-18,Azúcar,9,52.87,Ana,No,13:25:57
2024-03-18,Pan,7,73.89,Sofía,Sí,14:05:16
2024-03-19,Azúcar,3,12.92,Luis,No,08:14:02
2024-03-19,Café,7,42.42,Carlos,Sí,17:38:59
2024-03-20,Té,8,18.84,Ana,No,09:34:11
2024-03-20,Pan,4,69.98,Jorge,No,20:00:27
2024-03-21,Leche,1,48.1,María,Sí,17:22:45
2024-03-21,Azúcar,6,52.4,Luis,Sí,17:33:05
2024-03-22,Té,2,24.1,Luis,Sí,17:49:42
2024-03-22,Chocolate,7,19.5,Luis,No,11:26:32
2024-03-22,Té,9,12.39,Jorge,Sí,16:57:28
2024-03-23,Chocolate,8,43.34,Carlos,No,12:24:05
2024-03-23,Azúcar,4,36.77,María,No,20:59:26
2024-03-23,Café,8,55.64,Ana,No,20:49:28
2024-03-23,Pan,7,21.87,Jorge,No,10:14:28
2024-03-24,Azúcar,8,46.96,Carlos,Sí,11:19:59
2024-03-24,Té,1,15.86,Ana,No,17:51:10
2024-03-24,Cereal,7,52.44,Jorge,No,11:10:25
2024-03-25,Azúcar,9,18.14,María,Sí,16:59:34
2024-03-26,Leche,3,49.35,Sofía,No,18:36:59
2024-03-26,Pan,10,35.9,Carlos,No,17:53:20
2024-03-26,Pan,1,8.05,Carlos,Sí,15:55:43
2024-03-26,Pan,2,65.34,Sofía,No,18:40:18
2024-03-26,Azúcar,8,52.98,Carlos,No,16:53:22
2024-03-27,Leche,8,74.3,María,No,09:09:14
2024-03-27,Té,3,71.77,Jorge,No,19:34:13
2024-03-27,Azúcar,1,6.49,Carlos,Sí,14:37:36
2024-03-27,Leche,9,19.73,Ana,Sí,16:41:58
2024-03-28,Galletas,7,43.07,Ana,Sí,17:46:31
2024-03-28,Café,4,34.35,María,No,09:47:01
2024-03-28,Pan,10,72.76,Ana,No,10:29:16
2024-03-28,Té,10,36.3,Carlos,No,14:47:32
2024-03-29,Pan,10,23.47,Ana,Sí,10:20:40
2024-03-29,Cereal,2,71.87,Sofía,No,14:20:24
2024-03-29,Café,2,35.4,Luis,Sí,20:09:56
2024-03-30,Té,7,22.35,Luis,No,12:24:07
2024-03-31,Galletas,6,48.13,Luis,Sí,19:52:34
2024-03-31,Café,6,41.08,Ana,Sí,15:52:01
2024-03-31,Galletas,6,14.64,Ana,No,20:48:04
2024-04-01,Té,9,10.26,Sofía,Sí,15:02:33
2024-04-01,Pan,6,11.78,Luis,Sí,10:44:42
2024-04-01,Pan,7,19.1,Luis,No,13:10:17
2024-04-02,Pan,4,37.6,María,Sí,12:35:42
2024-04-02,Café,2,51.22,María,No,19:50:20
2024-04-02,Café,2,47.82,María,Sí,10:45:17
2024-04-03,Azúcar,8,11.22,Sofía,No,09:05:37
2024-04-03,Cereal,6,17.19,Carlos,No,18:44:18
2024-04-04,Café,1,49.69,María,Sí,18:20:20
2024-04-05,Galletas,1,59.83,Carlos,Sí,12:38:03
2024-04-05,Leche,7,24.66,Carlos,No,13:58:51
2024-04-05,Cereal,8,54.58,Jorge,No,10:33:03
2024-04-05,Pan,8,31.86,Carlos,Sí,12:06:52
2024-04-05,Chocolate,3,72.22,Ana,No,16:26:07
2024-04-06,Pan,8,24.72,Jorge,No,15:44:59
2024-04-06,Café,3,54.64,Sofía,No,11:15:09
2024-04-06,Pan,5,60.22,Carlos,No,16:01:11
2024-04-06,Pan,7,69.77,Luis,Sí,11:48:35
2024-04-06,Chocolate,10,52.68,Luis,Sí,16:49:19
2024-04-07,Cereal,4,9.37,Carlos,No,16:24:13
2024-04-08,Cereal,2,13.87,Ana,Sí,09:00:47
2024-04-08,Pan,7,36.53,María,No,13:42:25
2024-04-08,Galletas,2,67.48,Carlos,Sí,19:13:54
2024-04-08,Café,1,40.79,Ana,No,11:28:45
2024-04-09,Galletas,1,46.89,María,No,13:53:19
2024-04-09,Galletas,3,6.58,Luis,Sí,17:25:21
2024-04-10,Galletas,8,14.75,María,No,13:54:40
2024-04-10,Leche,7,45.51,Luis,No,18:52:48
2024-04-10,Pan,4,35.19,María,Sí,16:08:51
2024-04-10,Cereal,6,23.13,María,No,18:33:03
2024-04-11,Galletas,8,53.4,Ana,Sí,17:06:54
2024-04-11,Galletas,1,62.78,Carlos,Sí,17:11:58
2024-04-12,Galletas,1,52.21,Luis,Sí,08:38:58
2024-04-12,Chocolate,5,72.36,Carlos,No,15:47:23
2024-04-12,Azúcar,2,45.75,Ana,Sí,20:11:00
2024-04-13,Galletas,6,56.69,Jorge,Sí,13:11:50
2024-04-13,Chocolate,8,51.07,Sofía,No,17:40:58
2024-04-13,Pan,1,8.79,Sofía,Sí,18:41:41
2024-04-13,Chocolate,9,10.97,María,No,18:58:40
2024-04-13,Pan,1,28.74,Carlos,No,18:47:17
2024-04-14,Cereal,10,68.89,María,Sí,15:51:48
2024-04-14,Chocolate,2,40.87,Sofía,No,17:28:26
2024-04-14,Chocolate,10,69.66,Carlos,Sí,17:49:07
2024-04-14,Chocolate,8,25.59,Luis,Sí,18:48:27
2024-04-15,Galletas,2,49.47,Sofía,Sí,08:02:38
2024-04-15,Café,3,67.18,Jorge,No,20:30:56
2024-04-15,Café,6,49.23,Carlos,Sí,19:25:41
2024-04-16,Pan,1,19.65,Ana,Sí,17:50:25
2024-04-16,Chocolate,9,56.18,María,No,14:57:53
2024-04-16,Café,8,66.49,Carlos,Sí,18:13:37
2024-04-16,Chocolate,2,45.36,María,No,12:13:25
2024-04-16,Café,1,41.64,Ana,Sí,18:18:09
2024-04-17,Chocolate,2,71.73,Ana,No,10:21:37
2024-04-17,Té,2,31.11,María,No,13:43:31
2024-04-18,Té,2,27.09,Jorge,No,16:30:35
2024-04-18,Leche,9,10.18,Carlos,Sí,18:25:53
2024-04-18,Azúcar,3,66.55,Carlos,Sí,08:24:41
2024-04-18,Té,2,41.71,Sofía,No,13:42:55
2024-04-19,Leche,10,62.04,Luis,No,16:22:14
2024-04-19,Café,7,59.72,María,No,20:32:00
2024-04-19,Pan,10,10.39,Ana,No,14:49:39
2024-04-19,Pan,9,6.7,Sofía,Sí,08:36:22
2024-04-20,Azúcar,3,28.86,Jorge,No,20:58:56
2024-04-21,Café,4,50.8,Jorge,No,18:51:54
2024-04-21,Chocolate,1,58.28,Jorge,Sí,14:44:18
2024-04-21,Cereal,4,68.96,Luis,No,17:38:52
2024-04-21,Chocolate,10,35.92,Sofía,No,14:36:49
2024-04-22,Leche,7,21.61,Jorge,No,11:13:16
2024-04-22,Pan,9,46.1,María,No,11:38:21
2024-04-23,Chocolate,6,22.05,María,Sí,16:45:45
2024-04-23,Té,8,38.59,Luis,Sí,17:22:38
2024-04-23,Pan,2,42.86,Carlos,No,14:17:32
2024-04-23,Pan,6,64.08,María,Sí,08:12:12
2024-04-23,Chocolate,9,37.08,María,No,19:31:26
2024-04-24,Leche,1,65.44,Ana,Sí,13:10:48
2024-04-24,Galletas,10,55.41,Jorge,No,16:57:26
2024-04-24,Cereal,6,20.43,Luis,Sí,19:05:50
2024-04-25,Café,10,40.91,Luis,Sí,17:15:01
2024-04-26,Té,5,11.4,Sofía,No,19:08:49
2024-04-27,Pan,5,25.68,Carlos,Sí,10:08:56
2024-04-27,Pan,5,39.72,María,Sí,19:39:17
2024-04-27,Pan,2,14.54,Luis,No,10:12:55
2024-04-27,Café,6,42.65,Jorge,Sí,20:52:47
2024-04-27,Galletas,2,67.89,Luis,No,20:38:47
2024-04-28,Café,3,62.67,Luis,Sí,14:08:09
2024-04-28,Cereal,9,7.87,María,Sí,18:11:29
2024-04-29,Cereal,4,70.84,Luis,No,18:45:12
2024-04-29,Té,6,39.31,María,No,11:18:35
2024-04-29,Leche,2,17.26,Ana,Sí,16:54:08
2024-04-30,Chocolate,7,23.31,Luis,Sí,20:50:11
2024-04-30,Té,5,35.83,María,No,16:03:22
2024-04-30,Leche,7,43.47,Luis,Sí,18:02:19
2024-04-30,Cereal,9,58.3,Jorge,Sí,15:13:25
2024-05-01,Té,9,33.15,Sofía,No,19:41:10
2024-05-02,Pan,4,21.85,Sofía,No,14:04:56
2024-05-03,Pan,9,18.91,Jorge,Sí,11:59:54
2024-05-03,Té,9,14.12,Carlos,No,17:25:55
2024-05-03,Galletas,8,49.8,Sofía,Sí,13:22:49
2024-05-03,Pan,1,73.23,Jorge,Sí,16:43:13
2024-05-03,Café,3,21.56,Jorge,Sí,17:17:53
2024-05-04,Leche,6,56.66,Luis,No,18:05:39
2024-05-04,Té,8,30.94,Sofía,Sí,11:55:08
2024-05-04,Leche,4,64.98,Jorge,No,10:33:54
2024-05-05,Chocolate,2,40.55,María,Sí,13:57:51
2024-05-05,Pan,4,74.63,Sofía,No,18:46:47
2024-05-05,Leche,7,7.48,Jorge,Sí,12:40:42
2024-05-06,Pan,10,39.25,Carlos,Sí,17:27:16
2024-05-06,Pan,2,70.92,Carlos,No,16:27:59
2024-05-07,Café,5,57.5,Sofía,Sí,18:23:41
2024-05-07,Té,2,39.6,Sofía,Sí,08:55:45
2024-05-08,Té,8,62.5,Luis,No,19:35:50
2024-05-08,Leche,3,21.63,Ana,Sí,15:41:59
2024-05-08,Pan,1,20.85,Luis,Sí,18:09:54
2024-05-08,Chocolate,2,12.39,Ana,No,17:29:36
2024-05-08,Galletas,10,34.39,Ana,Sí,10:52:28
2024-05-09,Azúcar,6,22.78,Jorge,No,08:18:41
2024-05-10,Pan,2,46.48,Carlos,Sí,16:13:28
2024-05-10,Azúcar,1,58.57,Jorge,Sí,19:21:45
2024-05-11,Leche,4,25.88,Jorge,No,11:51:41
2024-05-11,Galletas,5,10.93,Carlos,No,08:24:41
2024-05-11,Cereal,1,49.21,María,No,15:39:53
2024-05-11,Pan,3,63.62,María,Sí,14:45:16
2024-05-11,Pan,8,66.61,María,No,10:38:31
2024-05-12,Chocolate,1,19.54,María,Sí,18:01:27
2024-05-12,Galletas,6,48.54,Carlos,No,14:49:59
2024-05-12,Chocolate,2,22.5,Luis,No,15:11:43
2024-05-13,Leche,7,33.71,Sofía,Sí,09:35:51
2024-05-13,Cereal,3,11.72,Sofía,No,18:30:15
2024-05-13,Leche,2,34.53,Luis,No,17:10:19
2024-05-14,Té,9,51.82,María,Sí,10:00:05
2024-05-14,Azúcar,6,36.66,Carlos,Sí,13:56:42
2024-05-14,Cereal,5,43.21,Jorge,No,08:06:00
2024-05-15,Azúcar,4,26.87,Ana,No,09:06:34
2024-05-16,Galletas,1,22.21,Ana,Sí,15:10:10
2024-05-16,Cereal,5,68.3,Luis,Sí,15:45:53
2024-05-16,Café,9,31.5,Ana,Sí,12:05:40
2024-05-16,Leche,4,22.95,Jorge,Sí,15:41:38
2024-05-16,Azúcar,3,34.78,Ana,No,17:14:18
2024-05-17,Azúcar,8,49.02,Luis,No,19:45:57
2024-05-17,Galletas,6,24.1,Carlos,Sí,11:57:29
2024-05-17,Azúcar,1,31.06,Sofía,No,18:15:01
2024-05-18,Cereal,9,62.3,Carlos,Sí,14:44:38
2024-05-19,Chocolate,1,39.41,Jorge,No,13:00:12
2024-05-19,Pan,2,39.32,Carlos,Sí,19:33:44
2024-05-19,Leche,10,24.53,Ana,No,08:34:30
2024-05-20,Café,4,48.17,Jorge,No,19:32:44
2024-05-20,Galletas,2,73.77,Ana,No,14:41:26
2024-05-20,Leche,4,24.82,Jorge,Sí,18:27:40
2024-05-21,Cereal,3,32.94,Jorge,No,19:58:57
2024-05-21,Galletas,8,43.34,María,No,17:41:49
2024-05-21,Chocolate,6,7.61,Jorge,No,12:04:43
2024-05-22,Azúcar,4,31.37,Sofía,No,10:11:52
2024-05-22,Cereal,2,59.3,Carlos,Sí,11:41:11
2024-05-23,Leche,7,17.57,Jorge,No,12:34:02
2024-05-24,Cereal,3,67.7,Ana,Sí,15:52:46
2024-05-24,Galletas,5,26.13,Ana,No,13:48:29
2024-05-25,Café,5,20.38,Jorge,No,16:59:13
2024-05-26,Té,7,7.83,Ana,No,08:18:19
2024-05-26,Café,1,7.32,Ana,Sí,17:55:10
2024-05-26,Cereal,2,45.99,Ana,Sí,20:06:04
2024-05-26,Té,10,59.4,Ana,Sí,09:59:31
2024-05-27,Té,2,38.15,Jorge,Sí,16:06:08
2024-05-27,Azúcar,7,40.8,Ana,Sí,19:56:35
2024-05-27,Pan,2,56.04,Jorge,No,16:58:20
2024-05-27,Leche,5,21.95,Luis,Sí,10:38:25
2024-05-28,Galletas,6,40.38,Ana,Sí,08:09:16
2024-05-28,Pan,3,18.04,Jorge,No,18:08:17
2024-05-28,Galletas,3,66.06,Carlos,No,19:20:12
2024-05-29,Cereal,3,49.26,María,Sí,18:07:39
2024-05-30,Azúcar,7,58.86,María,No,16:22:02
2024-05-30,Azúcar,4,32.59,Jorge,No,20:51:10
2024-05-31,Café,5,55.59,María,No,08:49:43
2024-05-31,Galletas,4,50.9,Luis,Sí,12:23:59
2024-05-31,Té,3,39.82,Sofía,Sí,14:18:52
2024-06-01,Galletas,1,7.1,Sofía,Sí,13:11:56
2024-06-02,Pan,10,43.4,Carlos,Sí,18:34:48
2024-06-02,Pan,8,66.3,Luis,No,17:39:21
2024-06-02,Azúcar,6,13.19,Ana,No,13:11:30
2024-06-02,Pan,7,58.49,Ana,Sí,17:47:31
2024-06-03,Leche,3,15.77,Jorge,No,15:52:47
2024-06-03,Pan,5,9.42,Carlos,Sí,12:58:47
2024-06-03,Chocolate,2,74.73,María,Sí,14:16:33
2024-06-03,Leche,6,42.69,Jorge,No,15:07:16
2024-06-04,Azúcar,5,22.67,María,No,17:32:01
2024-06-04,Cereal,9,71.31,Carlos,No,12:46:41
2024-06-04,Leche,1,72.58,Jorge,Sí,20:17:45
2024-06-04,Café,1,39.5,Jorge,No,16:30:33
2024-06-04,Cereal,9,57.09,Luis,No,17:11:51
2024-06-05,Café,10,29.9,María,No,09:14:06
2024-06-05,Chocolate,10,36.72,Carlos,No,13:54:28
2024-06-05,Chocolate,8,59.77,María,No,13:45:33
2024-06-05,Pan,1,30.25,Sofía,No,14:52:34
2024-06-05,Té,5,67.59,Sofía,Sí,10:04:59
2024-06-06,Pan,1,6.89,Jorge,Sí,17:33:03
2024-06-06,Chocolate,8,44.42,Sofía,No,09:19:22
2024-06-06,Chocolate,8,68.9,Ana,No,09:56:06
2024-06-07,Té,5,51.02,Sofía,No,10:49:00
2024-06-07,Cereal,7,33.32,Carlos,Sí,14:54:17
2024-06-07,Cereal,7,51.86,Jorge,Sí,14:51:13
2024-06-07,Leche,4,23.73,Carlos,No,13:23:18
2024-06-07,Cereal,6,22.22,Jorge,Sí,19:21:51
2024-06-08,Cereal,3,11.78,Sofía,No,19:20:11
2024-06-08,Té,6,16.42,María,Sí,09:24:20
2024-06-09,Galletas,6,64.92,Ana,Sí,18:41:19
2024-06-09,Chocolate,3,64.35,Carlos,No,11:05:45
2024-06-09,Galletas,2,8.57,Luis,Sí,14:29:31
2024-06-10,Chocolate,1,69.5,Carlos,Sí,14:38:57
2024-06-10,Té,5,10.73,Sofía,Sí,11:54:47
2024-06-11,Leche,3,42.17,Luis,No,20:21:40
2024-06-11,Chocolate,7,23.26,Carlos,Sí,19:05:13
2024-06-11,Azúcar,8,65.83,Luis,Sí,13:33:27
2024-06-12,Cereal,1,14.8,Carlos,No,11:59:14
2024-06-12,Té,3,69.11,Jorge,No,09:23:48
2024-06-12,Pan,2,27.57,Carlos,Sí,17:35:20
2024-06-13,Azúcar,10,73.19,Jorge,No,20:18:01
2024-06-13,Chocolate,5,18.7,Sofía,Sí,12:28:11
2024-06-13,Té,1,36.87,Sofía,No,14:20:38
2024-06-13,Azúcar,4,74.9,Jorge,Sí,16:46:47
2024-06-14,Cereal,3,5.1,Sofía,Sí,10:48:55
2024-06-15,Café,6,68.52,Luis,Sí,20:04:43
2024-06-16,Pan,3,67.64,María,No,18:33:39
2024-06-17,Leche,4,32.45,Ana,Sí,17:00:56
2024-06-17,Cereal,1,34.04,Carlos,Sí,17:40:08
2024-06-17,Azúcar,5,66.81,Jorge,No,16:26:31
2024-06-18,Galletas,9,65.91,Jorge,No,14:42:21
2024-06-18,Leche,5,70.01,Ana,Sí,19:29:48
2024-06-18,Galletas,7,35.0,Luis,Sí,10:30:12
2024-06-19,Pan,2,65.86,María,Sí,17:54:11
2024-06-19,Cereal,2,38.69,Carlos,No,10:07:53
2024-06-20,Café,2,60.27,Luis,Sí,17:08:09
2024-06-21,Pan,6,30.63,Ana,No,15:08:21
2024-06-21,Pan,10,20.66,Sofía,No,17:18:06
2024-06-21,Chocolate,7,63.79,Ana,Sí,19:08:11
2024-06-21,Galletas,5,60.47,María,Sí,15:45:21
2024-06-21,Té,2,32.74,Ana,Sí,13:27:56
2024-06-22,Azúcar,7,46.24,María,Sí,15:38:31
2024-06-22,Galletas,4,31.85,Luis,Sí,13:21:10
2024-06-23,Galletas,8,5.44,Sofía,Sí,10:47:35
2024-06-24,Azúcar,8,64.12,Luis,Sí,20:24:52
2024-06-24,Galletas,8,24.83,Jorge,Sí,20:57:29
2024-06-24,Té,3,61.48,María,No,12:38:09
2024-06-24,Cereal,8,5.48,María,Sí,14:51:01
2024-06-24,Galletas,3,71.63,Carlos,Sí,14:55:48
2024-06-25,Cereal,9,49.91,Carlos,No,13:08:44
2024-06-25,Azúcar,10,16.8,Ana,Sí,11:07:12
2024-06-25,Cereal,4,6.94,Jorge,No,12:22:37
2024-06-25,Galletas,8,68.6,Luis,Sí,12:55:28
2024-06-25,Leche,4,66.33,Luis,No,08:33:52
2024-06-26,Leche,6,20.01,Sofía,No,12:51:10
2024-06-26,Chocolate,5,18.98,Ana,No,19:24:09
2024-06-26,Galletas,5,54.75,Sofía,Sí,14:01:42
2024-06-26,Té,3,69.86,Jorge,Sí,09:43:36
2024-06-26,Pan,9,9.72,María,No,16:45:38
2024-06-27,Chocolate,3,58.62,Sofía,Sí,15:49:16
2024-06-28,Café,8,10.13,Luis,Sí,17:12:10
2024-06-28,Cereal,4,41.47,Sofía,Sí,10:23:54
2024-06-29,Café,10,28.41,María,Sí,17:19:00
2024-06-29,Leche,6,9.96,María,No,09:19:36
2024-06-29,Chocolate,6,7.68,Ana,No,08:27:14
2024-06-29,Leche,10,37.55,Ana,Sí,19:36:29
2024-06-29,Té,1,51.82,Ana,Sí,14:24:38
2024-06-30,Pan,9,12.53,Ana,No,14:52:18
2024-06-30,Chocolate,7,6.84,María,No,16:12:59
2024-07-01,Azúcar,10,22.22,Ana,No,15:32:40
2024-07-01,Café,4,28.68,Luis,Sí,17:12:13
2024-07-01,Café,4,13.34,María,No,19:19:50
2024-07-01,Chocolate,3,45.35,Jorge,No,08:24:51
2024-07-01,Té,10,73.23,Jorge,Sí,20:24:50
2024-07-02,Leche,7,14.01,Luis,No,17:44:52
2024-07-02,Azúcar,1,50.03,Sofía,Sí,11:32:25
2024-07-03,Pan,10,56.02,Sofía,Sí,10:56:10
2024-07-03,Galletas,1,27.34,Carlos,Sí,16:26:16
2024-07-03,Café,6,14.64,Sofía,Sí,19:28:42
2024-07-03,Galletas,7,65.3,Ana,Sí,17:17:12
2024-07-04,Té,5,39.45,María,Sí,12:44:06
2024-07-04,Azúcar,5,18.63,María,Sí,11:53:12
2024-07-04,Pan,7,13.52,María,Sí,13:57:25
2024-07-05,Café,9,35.36,Ana,No,20:45:12
2024-07-06,Galletas,2,67.92,Ana,No,18:35:22
2024-07-06,Chocolate,3,60.83,María,No,10:31:57
2024-07-06,Galletas,4,70.81,Sofía,Sí,09:30:51
2024-07-06,Pan,6,34.85,María,Sí,20:08:29
2024-07-06,Azúcar,9,14.08,Jorge,No,20:30:20
2024-07-07,Galletas,8,14.87,Ana,No,19:51:04
2024-07-07,Cereal,10,17.43,Ana,No,11:18:40
2024-07-07,Té,7,70.93,Sofía,No,16:58:01
2024-07-07,Café,7,74.03,Jorge,No,11:56:49
2024-07-07,Pan,3,50.74,Ana,Sí,16:38:09
2024-07-08,Azúcar,8,40.75,Jorge,Sí,17:38:56
2024-07-08,Chocolate,6,17.7,Luis,Sí,13:09:06
2024-07-08,Azúcar,10,67.41,Ana,Sí,19:43:30
2024-07-09,Cereal,5,28.46,Sofía,Sí,11:02:40
2024-07-09,Leche,5,40.85,María,Sí,17:57:21
2024-07-09,Galletas,2,61.24,Jorge,Sí,08:42:06
2024-07-09,Cereal,5,74.17,María,No,15:01:21
2024-07-09,Azúcar,4,62.09,Luis,No,13:58:45
2024-07-10,Pan,1,32.57,Luis,No,14:50:38
2024-07-10,Café,9,64.82,Ana,No,08:27:09
2024-07-10,Té,3,8.55,Sofía,No,11:48:41
2024-07-10,Azúcar,4,74.74,Ana,Sí,18:27:20
2024-07-11,Café,2,37.26,Luis,No,11:10:46
2024-07-11,Cereal,1,16.05,Ana,Sí,17:43:58
2024-07-11,Café,2,30.89,Ana,Sí,11:31:16
2024-07-12,Azúcar,9,26.95,Luis,No,17:32:52
2024-07-12,Café,4,14.09,Carlos,Sí,09:08:06
2024-07-12,Café,10,44.17,Sofía,No,15:41:28
2024-07-13,Café,10,58.37,Sofía,No,19:33:13
2024-07-13,Chocolate,10,25.96,María,No,17:33:48
2024-07-13,Café,8,44.95,Carlos,No,12:35:42
2024-07-13,Galletas,2,62.48,Sofía,No,19:32:17
2024-07-14,Cereal,2,69.13,María,No,19:04:45
2024-07-14,Leche,6,57.02,Ana,No,17:06:35
2024-07-14,Pan,10,52.12,Ana,Sí,08:19:47
2024-07-14,Cereal,2,41.18,Ana,No,19:15:17
2024-07-15,Galletas,5,19.06,Luis,No,17:28:58
2024-07-15,Cereal,5,28.17,Sofía,No,09:21:44
2024-07-15,Té,3,31.95,María,No,12:39:58
2024-07-15,Pan,3,43.58,Jorge,No,12:30:06
2024-07-15,Té,3,43.69,María,No,13:23:03
2024-07-16,Azúcar,3,72.98,Jorge,Sí,16:32:19
2024-07-16,Azúcar,5,58.05,Luis,No,09:52:22
2024-07-16,Café,8,63.17,Carlos,No,17:18:44
2024-07-16,Galletas,8,5.13,Carlos,Sí,13:14:07
2024-07-17,Leche,8,60.44,Luis,Sí,13:01:43
2024-07-18,Cereal,5,19.85,Carlos,No,09:44:49
2024-07-19,Café,5,12.33,Ana,Sí,12:27:33
2024-07-19,Galletas,2,28.35,Sofía,No,12:21:14
2024-07-19,Café,9,21.67,Sofía,Sí,18:52:24
2024-07-19,Azúcar,1,41.7,Carlos,Sí,16:15:01
2024-07-20,Azúcar,3,60.88,Carlos,No,16:31:27
2024-07-20,Chocolate,8,23.37,Ana,No,18:18:54
2024-07-20,Azúcar,5,21.03,Ana,Sí,20:43:06
2024-07-20,Chocolate,10,28.11,Sofía,Sí,08:02:50
2024-07-20,Chocolate,10,15.84,Carlos,Sí,16:11:26
2024-07-21,Café,6,25.17,Sofía,Sí,11:37:58
2024-07-21,Café,6,59.27,María,No,09:36:43
2024-07-21,Azúcar,6,9.53,Carlos,No,17:16:51
2024-07-21,Chocolate,4,63.53,Carlos,Sí,16:50:59
2024-07-22,Azúcar,10,45.79,Luis,Sí,17:10:22
2024-07-23,Cereal,5,36.27,Jorge,No,13:06:20
2024-07-23,Chocolate,5,64.9,Carlos,No,15:49:05
2024-07-23,Azúcar,6,23.77,Luis,No,10:26:13
2024-07-24,Chocolate,10,37.18,Sofía,No,18:50:37
2024-07-24,Pan,1,30.59,Ana,No,14:58:36
2024-07-25,Café,7,25.26,Luis,Sí,14:00:55
2024-07-26,Pan,7,48.01,Jorge,No,17:27:25
2024-07-26,Leche,1,26.7,Carlos,No,09:32:39
2024-07-26,Cereal,3,45.27,Jorge,Sí,19:08:16
2024-07-26,Café,8,60.21,María,No,13:32:48
2024-07-26,Pan,5,44.73,Ana,No,19:08:17
2024-07-27,Azúcar,1,65.39,Sofía,No,19:14:58
2024-07-27,Café,4,64.64,Sofía,No,10:55:16
2024-07-28,Pan,3,68.09,Jorge,No,13:57:55
2024-07-28,Cereal,10,55.25,Carlos,Sí,19:38:25
2024-07-28,Leche,6,26.68,Carlos,No,15:16:25
2024-07-28,Pan,8,61.55,Carlos,Sí,15:48:29
2024-07-28,Café,7,19.17,María,No,09:19:17
2024-07-29,Chocolate,4,26.51,Carlos,No,11:55:36
2024-07-29,Chocolate,1,12.33,María,No,12:11:03
2024-07-30,Azúcar,2,33.96,María,No,09:35:35
2024-07-30,Café,1,28.9,Jorge,No,20:20:56
2024-07-30,Pan,2,34.77,Luis,Sí,17:55:16
2024-07-31,Azúcar,3,7.82,Carlos,No,13:51:01
2024-07-31,Azúcar,6,41.14,Sofía,No,16:58:45
2024-07-31,Té,2,48.25,Carlos,Sí,13:41:35
2024-07-31,Leche,3,7.87,Ana,Sí,18:22:13
2024-07-31,Leche,10,53.63,Ana,No,11:21:05
2024-08-01,Chocolate,5,21.5,Luis,Sí,11:58:54
2024-08-02,Leche,4,65.02,Ana,No,14:45:50
2024-08-02,Pan,9,12.12,Sofía,No,18:55:21
2024-08-02,Galletas,9,21.34,Sofía,Sí,17:03:36
2024-08-02,Té,5,35.25,Ana,Sí,09:20:21
2024-08-03,Galletas,2,21.84,María,Sí,09:25:30
2024-08-04,Azúcar,4,14.13,Carlos,Sí,19:36:03
2024-08-04,Cereal,8,43.3,Carlos,No,11:13:39
2024-08-05,Azúcar,3,55.13,Ana,No,15:12:41
2024-08-06,Galletas,8,18.34,Jorge,Sí,17:13:53
2024-08-06,Leche,6,35.1,Jorge,Sí,10:46:38
2024-08-06,Cereal,2,60.86,Sofía,No,18:54:36
2024-08-06,Galletas,1,26.39,Carlos,No,11:18:37
2024-08-07,Café,6,62.05,Jorge,Sí,17:50:40
2024-08-07,Café,1,8.74,Sofía,No,15:21:41
2024-08-07,Café,9,31.74,Jorge,No,20:47:02
2024-08-08,Café,1,29.43,Luis,Sí,17:44:47
2024-08-08,Café,9,49.13,Sofía,Sí,11:37:37
2024-08-08,Leche,5,12.05,Carlos,Sí,10:35:15
2024-08-09,Cereal,10,68.97,Jorge,Sí,08:33:33
2024-08-09,Cereal,2,66.02,Carlos,No,19:59:42
2024-08-10,Té,4,20.98,Ana,Sí,14:55:43
2024-08-10,Cereal,7,22.94,Carlos,Sí,16:44:42
2024-08-10,Leche,3,54.04,Luis,Sí,08:56:19
2024-08-10,Leche,10,38.59,Jorge,No,13:49:40
2024-08-11,Pan,2,25.92,Sofía,Sí,13:59:52
2024-08-11,Galletas,4,65.39,Jorge,No,12:50:24
2024-08-11,Azúcar,6,73.87,Carlos,Sí,12:19:12
2024-08-11,Té,4,33.6,Sofía,Sí,13:13:26
2024-08-11,Cereal,4,24.22,María,No,09:37:30
2024-08-12,Té,3,49.71,Sofía,No,12:00:24
2024-08-12,Leche,4,6.74,Carlos,Sí,14:27:21
2024-08-12,Leche,7,7.84,Jorge,Sí,09:02:09
2024-08-12,Pan,3,67.97,Luis,No,14:08:32
2024-08-13,Cereal,4,49.65,María,Sí,17:12:15
2024-08-13,Chocolate,1,67.65,Ana,No,12:19:46
2024-08-13,Café,7,37.67,Sofía,Sí,08:10:41
2024-08-14,Leche,6,11.41,María,Sí,18:56:29
2024-08-15,Pan,5,74.11,Ana,No,15:31:10
2024-08-15,Pan,2,65.22,Sofía,Sí,16:13:40
2024-08-15,Leche,6,24.41,Luis,Sí,13:43:17
2024-08-15,Té,10,45.98,Carlos,Sí,15:49:01
2024-08-15,Cereal,6,22.51,Carlos,Sí,19:33:11
2024-08-16,Leche,4,26.05,Sofía,Sí,08:14:01
2024-08-16,Azúcar,5,36.84,Luis,No,12:33:21
2024-08-17,Chocolate,2,50.02,Sofía,Sí,19:06:09
2024-08-17,Chocolate,6,34.04,Sofía,No,19:22:40
2024-08-17,Azúcar,5,40.53,Luis,Sí,16:51:57
2024-08-18,Leche,2,45.3,Luis,No,15:50:04
2024-08-19,Cereal,3,31.73,Carlos,No,16:02:22
2024-08-20,Galletas,5,14.88,Luis,No,16:58:20
2024-08-20,Pan,9,51.62,Luis,Sí,11:28:47
2024-08-20,Leche,3,43.77,Ana,Sí,12:35:13
2024-08-20,Galletas,1,40.94,Luis,No,14:08:02
2024-08-21,Galletas,4,36.37,Ana,Sí,14:27:35
2024-08-21,Café,3,52.32,María,No,11:55:48
2024-08-22,Leche,9,29.79,Carlos,Sí,13:13:42
2024-08-22,Café,7,66.23,Jorge,No,13:12:32
2024-08-22,Pan,10,46.02,Ana,No,20:15:13
2024-08-23,Chocolate,3,36.58,Ana,Sí,11:25:25
2024-08-23,Leche,1,15.19,María,No,18:02:36
2024-08-23,Pan,5,39.03,Ana,No,09:42:29
2024-08-24,Pan,10,45.72,Ana,No,18:29:54
2024-08-24,Pan,5,25.24,Ana,Sí,09:54:42
2024-08-24,Leche,4,39.67,Jorge,No,16:30:10
2024-08-25,Café,9,36.84,Jorge,No,19:11:05
2024-08-25,Azúcar,8,48.34,Luis,No,18:50:26
2024-08-26,Chocolate,5,73.54,Sofía,No,18:27:59
2024-08-27,Café,8,9.82,María,No,18:35:23
2024-08-27,Cereal,10,9.89,María,Sí,20:58:26
2024-08-27,Cereal,6,35.97,Carlos,No,13:04:16
2024-08-27,Pan,10,14.48,Luis,No,18:05:11
2024-08-27,Café,9,45.91,Luis,No,20:35:30
2024-08-28,Chocolate,1,62.8,Jorge,No,12:27:03
2024-08-28,Café,1,22.41,Luis,Sí,08:24:30
2024-08-28,Pan,2,23.72,Ana,Sí,15:38:03
2024-08-29,Café,5,71.52,Jorge,Sí,11:15:41
2024-08-30,Café,1,61.11,Jorge,No,10:41:04
2024-08-30,Café,10,8.36,Ana,Sí,14:49:49
2024-08-31,Café,8,23.29,Ana,Sí,09:23:46
2024-08-31,Azúcar,9,64.32,Carlos,Sí,16:32:19
2024-08-31,Pan,3,17.97,Ana,Sí,12:26:56
2024-09-01,Galletas,9,15.71,María,No,09:52:58
2024-09-01,Chocolate,1,33.59,Sofía,Sí,17:17:59
2024-09-01,Azúcar,4,57.67,Ana,Sí,08:14:50
2024-09-01,Azúcar,2,49.12,Luis,Sí,12:16:29
2024-09-02,Té,7,21.37,María,Sí,10:34:07
2024-09-03,Azúcar,5,69.23,Ana,Sí,14:18:51
2024-09-03,Azúcar,5,65.74,Ana,Sí,15:21:14
2024-09-03,Pan,2,34.69,Sofía,Sí,10:11:40
2024-09-04,Pan,9,11.22,Luis,No,08:40:22
2024-09-04,Pan,8,46.47,Carlos,No,16:06:58
2024-09-04,Cereal,4,29.61,Sofía,No,13:45:44
2024-09-04,Café,7,57.65,Luis,Sí,13:24:27
2024-09-04,Azúcar,4,14.29,María,No,14:45:35
2024-09-05,Pan,4,9.79,Jorge,Sí,10:12:03
2024-09-05,Azúcar,7,50.54,Ana,Sí,13:09:10
2024-09-05,Azúcar,8,34.07,María,No,13:27:47
2024-09-06,Cereal,3,51.41,Carlos,No,16:40:22
2024-09-06,Azúcar,2,7.1,Luis,Sí,19:22:20
2024-09-07,Té,5,30.4,Ana,Sí,19:28:55
2024-09-07,Pan,1,36.85,Ana,Sí,09:13:13
2024-09-08,Pan,6,31.0,María,No,18:00:21
2024-09-08,Café,6,16.53,Ana,No,16:57:44
2024-09-08,Chocolate,8,38.3,Sofía,No,08:23:01
2024-09-08,Té,8,39.03,Ana,Sí,16:03:43
2024-09-08,Té,7,11.96,Carlos,No,17:36:58
2024-09-09,Leche,1,65.87,Sofía,Sí,17:13:59
2024-09-09,Chocolate,10,17.42,Carlos,No,11:00:32
2024-09-09,Café,9,37.95,Jorge,No,12:53:41
2024-09-10,Azúcar,10,47.68,Luis,Sí,20:10:36
2024-09-10,Café,8,38.97,Jorge,No,14:14:48
2024-09-10,Café,1,56.3,Luis,No,14:31:15
2024-09-10,Café,9,48.93,Carlos,No,11:44:09
2024-09-11,Chocolate,7,65.95,Sofía,Sí,19:16:24
2024-09-11,Pan,2,48.16,María,No,10:49:51
2024-09-11,Leche,9,39.29,Ana,No,14:22:50
2024-09-12,Leche,6,62.25,Jorge,No,08:13:59
2024-09-12,Cereal,6,20.04,María,Sí,14:55:59
2024-09-12,Leche,4,46.05,Carlos,No,13:07:01
2024-09-13,Galletas,2,19.98,Ana,Sí,10:15:36
2024-09-13,Leche,6,25.52,Carlos,Sí,18:33:31
2024-09-14,Chocolate,8,49.88,Ana,Sí,12:53:28
2024-09-15,Pan,9,71.24,Carlos,No,12:08:11
2024-09-15,Azúcar,7,72.68,María,No,15:30:54
2024-09-15,Leche,3,46.63,Carlos,No,20:26:41
2024-09-16,Cereal,1,28.99,Jorge,No,18:03:20
2024-09-16,Cereal,6,49.86,Jorge,Sí,09:53:47
2024-09-16,Galletas,5,48.65,María,No,09:22:43
2024-09-16,Cereal,7,43.25,Jorge,No,18:00:22
2024-09-17,Cereal,9,47.89,Carlos,Sí,12:32:51
2024-09-18,Pan,10,42.68,Carlos,Sí,16:25:07
2024-09-18,Café,5,27.31,Ana,No,18:46:49
2024-09-18,Chocolate,9,46.18,Sofía,No,12:30:17
2024-09-18,Pan,5,16.35,Carlos,No,19:15:15
2024-09-18,Galletas,6,18.19,Sofía,No,10:04:50
2024-09-19,Pan,4,63.02,Sofía,Sí,14:55:10
2024-09-19,Cereal,5,48.06,Luis,Sí,20:45:19
2024-09-19,Pan,1,8.82,Ana,No,12:19:31
2024-09-19,Leche,5,20.58,Sofía,No,16:59:38
2024-09-20,Azúcar,7,30.84,Sofía,Sí,17:30:39
2024-09-21,Leche,9,29.53,María,Sí,18:08:51
2024-09-21,Té,3,11.54,Ana,Sí,18:32:59
2024-09-21,Azúcar,7,44.14,Luis,Sí,19:47:50
2024-09-21,Cereal,1,59.2,Sofía,No,08:26:42
2024-09-21,Leche,10,43.67,Carlos,Sí,09:55:21
2024-09-22,Galletas,4,39.53,Carlos,No,16:34:30
2024-09-22,Azúcar,2,63.45,Luis,Sí,13:48:22
2024-09-22,Cereal,3,42.25,Ana,Sí,15:11:50
2024-09-22,Cereal,5,49.57,Carlos,Sí,17:04:43
2024-09-23,Chocolate,8,7.66,Sofía,No,20:21:27
2024-09-23,Azúcar,4,69.61,Jorge,No,19:38:37
2024-09-24,Té,10,47.12,Sofía,No,12:01:21
2024-09-24,Cereal,2,51.12,Luis,No,09:39:50
2024-09-24,Azúcar,1,68.64,Sofía,Sí,20:19:42
2024-09-24,Chocolate,6,62.58,Carlos,No,13:40:53
2024-09-24,Café,6,69.62,Sofía,No,11:29:26
2024-09-25,Azúcar,7,35.0,Carlos,Sí,15:03:49
2024-09-25,Pan,1,39.68,Ana,Sí,09:10:33
2024-09-25,Pan,2,53.05,Jorge,Sí,16:57:01
2024-09-25,Chocolate,7,16.24,Jorge,No,16:48:14
2024-09-25,Cereal,1,12.79,Carlos,Sí,09:35:45
2024-09-26,Té,1,70.99,Carlos,No,15:37:33
2024-09-27,Galletas,5,63.69,Sofía,Sí,13:17:48
2024-09-27,Chocolate,8,16.63,Luis,Sí,11:08:47
2024-09-28,Leche,8,31.54,Sofía,Sí,17:50:01
2024-09-28,Galletas,2,62.6,Jorge,Sí,10:13:58
2024-09-28,Galletas,2,51.6,Ana,No,14:27:42
2024-09-28,Cereal,4,24.21,Luis,Sí,19:22:31
2024-09-28,Leche,6,47.99,Ana,Sí,09:37:38
2024-09-29,Cereal,4,53.52,Jorge,Sí,12:15:02
2024-09-29,Pan,6,60.26,Sofía,No,20:02:25
2024-09-29,Azúcar,4,22.05,Carlos,No,08:39:45
2024-09-29,Té,1,11.19,María,Sí,16:25:17
2024-09-30,Chocolate,8,36.62,Carlos,Sí,20:32:35
2024-09-30,Chocolate,2,61.48,Sofía,Sí,09:45:16
2024-10-01,Galletas,4,14.32,Ana,Sí,18:13:19
2024-10-01,Galletas,1,65.6,Carlos,No,12:45:08
2024-10-01,Té,2,58.14,Sofía,Sí,11:08:28
2024-10-01,Pan,8,66.11,Sofía,No,09:55:23
2024-10-02,Chocolate,1,33.69,Sofía,Sí,17:45:08
2024-10-02,Leche,6,55.32,Sofía,Sí,19:58:13
2024-10-02,Azúcar,4,48.26,Luis,Sí,20:26:38
2024-10-02,Cereal,1,42.85,Carlos,No,10:01:20
2024-10-03,Té,9,60.0,Sofía,No,12:36:34
2024-10-03,Chocolate,4,51.51,Jorge,Sí,19:45:13
2024-10-03,Cereal,5,46.29,María,Sí,19:39:22
2024-10-03,Galletas,2,6.07,Ana,No,08:09:05
2024-10-04,Galletas,5,56.08,Ana,Sí,11:51:37
2024-10-05,Café,6,28.36,Sofía,No,08:34:53
2024-10-05,Cereal,7,25.28,Sofía,Sí,11:22:22
2024-10-05,Azúcar,3,34.37,Jorge,Sí,20:01:17
2024-10-05,Pan,5,15.62,Ana,No,12:15:01
2024-10-05,Café,10,17.44,Jorge,Sí,11:53:39
2024-10-06,Galletas,7,40.12,Ana,No,11:17:16
2024-10-06,Café,6,45.35,Sofía,No,11:44:19
2024-10-06,Azúcar,9,61.91,María,No,14:31:07
2024-10-07,Leche,4,73.34,Carlos,Sí,12:55:23
2024-10-08,Cereal,8,54.15,Jorge,Sí,20:34:28
2024-10-08,Azúcar,2,56.59,Sofía,No,12:59:37
2024-10-08,Té,1,7.21,Ana,Sí,16:27:41
2024-10-08,Azúcar,9,11.65,Jorge,No,19:31:29
2024-10-08,Café,5,42.96,Sofía,No,13:39:30
2024-10-09,Pan,1,36.46,Carlos,Sí,17:14:43
2024-10-09,Café,5,12.68,María,No,13:09:37
2024-10-10,Cereal,3,34.03,Carlos,Sí,13:29:53
2024-10-10,Cereal,2,74.76,María,No,17:08:46
2024-10-10,Galletas,1,72.23,Sofía,No,12:15:05
2024-10-10,Cereal,2,71.67,Jorge,No,10:19:32
2024-10-11,Café,4,20.46,Sofía,Sí,13:51:21
2024-10-12,Galletas,4,65.45,Sofía,Sí,18:24:16
2024-10-12,Galletas,7,23.86,Luis,Sí,08:59:59
2024-10-13,Chocolate,4,67.21,Ana,Sí,17:52:39
2024-10-13,Galletas,3,16.24,Jorge,Sí,18:31:38
2024-10-13,Galletas,9,66.49,Luis,No,09:51:13
2024-10-13,Pan,3,15.85,Sofía,No,12:28:18
2024-10-13,Pan,6,19.44,Jorge,No,20:56:10
2024-10-14,Pan,7,32.24,Carlos,No,18:19:29
2024-10-14,Chocolate,7,31.38,Jorge,Sí,17:03:16
2024-10-14,Café,8,45.36,Ana,No,17:38:59
2024-10-14,Chocolate,1,6.07,María,Sí,09:52:02
2024-10-14,Galletas,6,72.64,Luis,No,14:06:24
2024-10-15,Azúcar,4,53.55,Carlos,Sí,17:28:52
2024-10-15,Leche,6,62.67,Sofía,Sí,17:06:47
2024-10-15,Galletas,8,48.4,Ana,Sí,20:19:34
2024-10-15,Pan,9,28.87,Luis,No,17:21:49
2024-10-16,Azúcar,8,6.02,Carlos,Sí,18:16:17
2024-10-17,Pan,3,29.44,Luis,Sí,20:15:37
2024-10-17,Café,9,51.76,Sofía,No,13:11:25
2024-10-18,Cereal,4,62.5,Sofía,No,19:19:14
2024-10-18,Té,9,55.94,Jorge,No,13:05:06
2024-10-18,Chocolate,4,39.65,Carlos,Sí,15:11:33
2024-10-18,Cereal,3,6.82,Carlos,Sí,17:02:21
2024-10-19,Cereal,5,72.1,María,No,13:05:19
2024-10-19,Leche,2,53.29,Jorge,No,17:22:50
2024-10-19,Leche,2,74.68,Ana,Sí,10:34:36
2024-10-20,Pan,1,10.54,Ana,No,14:24:18
2024-10-20,Azúcar,8,9.16,Carlos,No,19:21:26
2024-10-20,Azúcar,1,10.76,Ana,No,17:53:08
2024-10-21,Galletas,10,59.15,Sofía,Sí,18:33:51
2024-10-22,Pan,4,14.7,Jorge,No,19:09:05
2024-10-22,Galletas,7,64.08,Luis,No,12:40:56
2024-10-22,Leche,6,67.03,Luis,Sí,18:54:01
2024-10-23,Chocolate,6,10.14,Carlos,Sí,16:08:30
2024-10-23,Galletas,10,8.24,Luis,No,16:09:41
2024-10-23,Leche,2,47.65,Sofía,Sí,15:40:26
2024-10-23,Azúcar,9,20.72,Ana,No,17:25:44
2024-10-24,Pan,4,49.93,Sofía,No,17:55:32
2024-10-24,Chocolate,3,51.67,Luis,Sí,09:37:00
2024-10-25,Té,2,50.44,Carlos,Sí,10:13:21
2024-10-25,Leche,9,68.84,Ana,No,17:05:20
2024-10-26,Té,9,27.81,Ana,Sí,12:19:45
2024-10-26,Café,3,12.53,María,No,10:29:42
2024-10-26,Leche,4,50.52,Luis,Sí,09:07:26
2024-10-26,Chocolate,8,46.29,Sofía,No,16:44:33
2024-10-27,Café,2,6.22,Carlos,Sí,13:36:03
2024-10-27,Té,9,41.57,Carlos,No,13:27:07
2024-10-28,Café,5,74.93,Luis,No,14:38:20
2024-10-28,Cereal,5,73.27,Ana,No,19:08:07
2024-10-28,Café,4,22.51,Ana,Sí,19:12:32
2024-10-28,Galletas,7,25.63,Jorge,No,17:47:36
2024-10-29,Pan,4,52.45,Ana,Sí,13:47:10
2024-10-29,Galletas,4,7.34,Jorge,No,16:21:13
2024-10-29,Chocolate,5,11.12,Ana,No,08:08:41
2024-10-29,Té,9,12.7,Luis,Sí,09:09:24
2024-10-30,Galletas,1,35.88,Carlos,Sí,20:14:10
2024-10-30,Café,10,35.63,María,Sí,16:38:25
2024-10-30,Azúcar,2,16.68,Sofía,Sí,15:09:00
2024-10-30,Café,5,20.21,María,No,15:31:57
2024-10-30,Pan,5,66.89,Sofía,No,15:19:28
2024-10-31,Leche,2,34.27,Carlos,Sí,19:23:52
2024-10-31,Pan,1,40.03,Ana,Sí,19:26:22
2024-11-01,Pan,6,35.5,Ana,No,14:55:19
2024-11-01,Galletas,7,72.72,María,No,17:09:40
2024-11-02,Café,2,17.11,María,No,16:29:53
2024-11-02,Leche,4,33.08,María,No,18:42:29
2024-11-03,Leche,10,22.73,Sofía,Sí,18:11:18
2024-11-03,Chocolate,9,58.21,Luis,No,12:08:41
2024-11-03,Té,5,35.46,Jorge,Sí,15:13:33
2024-11-03,Galletas,4,5.93,Sofía,No,09:26:47
2024-11-03,Azúcar,7,69.9,Luis,No,11:20:57
2024-11-04,Café,2,48.61,Luis,No,09:26:21
2024-11-05,Azúcar,6,72.81,María,No,10:20:21
2024-11-05,Té,5,28.98,Luis,No,18:18:56
2024-11-06,Leche,10,32.73,Sofía,Sí,11:57:17
2024-11-06,Cereal,3,60.82,Carlos,No,08:00:15
2024-11-07,Azúcar,2,71.44,Jorge,Sí,12:09:31
2024-11-07,Pan,4,28.34,Ana,No,15:29:19
2024-11-07,Leche,6,70.84,Sofía,Sí,09:49:07
2024-11-08,Leche,5,11.01,Sofía,No,16:10:45
2024-11-08,Cereal,7,73.66,Carlos,No,12:58:17
2024-11-09,Chocolate,5,20.21,María,No,14:21:29
2024-11-09,Té,2,70.07,Sofía,Sí,10:29:12
2024-11-09,Azúcar,5,7.52,Ana,No,15:18:42
2024-11-10,Galletas,6,17.52,Ana,No,10:01:28
2024-11-10,Cereal,2,67.52,Luis,No,20:05:02
2024-11-10,Cereal,7,20.76,Carlos,No,15:05:41
2024-11-10,Azúcar,7,62.65,María,No,15:28:20
2024-11-10,Galletas,2,13.03,Ana,Sí,19:27:28
2024-11-11,Cereal,1,69.77,Carlos,Sí,20:50:59
2024-11-12,Azúcar,3,70.18,María,Sí,11:30:25
2024-11-12,Chocolate,2,30.59,Jorge,Sí,19:09:21
2024-11-12,Café,2,25.93,María,Sí,17:42:59
2024-11-12,Pan,7,38.05,Sofía,Sí,12:40:49
2024-11-13,Té,5,30.88,Sofía,No,12:18:05
2024-11-13,Cereal,4,25.26,Ana,Sí,20:01:07
2024-11-13,Café,6,34.66,María,Sí,09:52:50
2024-11-13,Té,5,37.8,María,Sí,14:16:49
2024-11-14,Galletas,7,34.53,Sofía,No,17:51:30
2024-11-14,Leche,4,54.25,Carlos,No,12:08:06
2024-11-14,Chocolate,3,22.58,María,No,09:20:07
2024-11-15,Pan,2,45.37,María,Sí,12:38:41
2024-11-16,Leche,2,16.93,Luis,Sí,11:38:20
2024-11-16,Chocolate,1,69.16,Ana,Sí,09:46:43
2024-11-16,Café,8,11.41,Carlos,No,19:57:40
2024-11-16,Leche,3,65.57,Carlos,Sí,15:24:12
2024-11-17,Leche,10,54.88,Carlos,No,17:53:32
2024-11-18,Té,3,45.2,Carlos,No,17:10:39
2024-11-18,Leche,6,49.84,Jorge,No,12:13:25
2024-11-18,Leche,10,34.18,Luis,Sí,19:29:05
2024-11-18,Café,10,38.32,Ana,No,13:49:49
2024-11-18,Azúcar,8,49.37,Sofía,No,20:36:55
2024-11-19,Té,1,62.91,Luis,No,10:56:17
2024-11-19,Pan,2,11.63,Sofía,Sí,08:19:27
2024-11-19,Galletas,2,40.73,Ana,Sí,19:08:42
2024-11-19,Pan,2,34.74,Luis,No,09:13:50
2024-11-19,Pan,8,59.6,Ana,Sí,16:29:56
2024-11-20,Cereal,10,31.22,Carlos,Sí,12:31:56
2024-11-20,Café,7,20.21,Jorge,Sí,20:48:52
2024-11-21,Café,9,60.01,Sofía,Sí,16:37:23
2024-11-21,Café,3,11.24,Ana,Sí,19:45:57
2024-11-21,Chocolate,7,31.02,Ana,No,11:45:48
2024-11-21,Chocolate,4,37.95,Jorge,No,13:10:47
2024-11-22,Galletas,7,31.2,Carlos,Sí,14:42:40
2024-11-22,Chocolate,7,73.25,Carlos,Sí,08:20:42
2024-11-22,Azúcar,10,66.17,Luis,Sí,12:12:52
2024-11-23,Chocolate,1,54.4,Sofía,Sí,13:29:59
2024-11-23,Leche,4,42.03,Carlos,No,16:39:52
2024-11-23,Chocolate,1,46.88,Jorge,Sí,08:53:53
2024-11-23,Pan,10,31.76,Jorge,Sí,20:25:33
2024-11-24,Té,5,37.42,María,No,08:31:08
2024-11-24,Chocolate,10,72.31,Jorge,No,18:03:05
2024-11-24,Pan,10,51.83,Luis,Sí,09:26:49
2024-11-24,Galletas,4,13.08,Carlos,No,20:30:35
2024-11-24,Leche,9,18.46,Jorge,Sí,15:31:53
2024-11-25,Cereal,4,5.12,Carlos,No,17:33:10
2024-11-26,Cereal,10,32.51,Carlos,Sí,08:04:51
2024-11-27,Cereal,10,11.66,Carlos,No,13:17:03
2024-11-28,Cereal,9,43.12,Luis,No,18:06:42
2024-11-28,Azúcar,5,6.37,Ana,Sí,14:22:00
2024-11-28,Cereal,10,29.56,Carlos,Sí,20:47:59
2024-11-28,Chocolate,9,62.37,Sofía,Sí,12:43:28
2024-11-28,Cereal,3,20.14,Carlos,Sí,18:14:08
2024-11-29,Galletas,8,37.93,Luis,Sí,10:12:22
2024-11-30,Café,1,23.03,Carlos,Sí,15:16:22
2024-11-30,Té,7,23.93,Jorge,No,14:22:53
2024-12-01,Pan,9,68.65,Luis,No,19:55:12
2024-12-01,Café,1,24.5,María,Sí,17:47:37
2024-12-01,Cereal,5,68.85,Carlos,Sí,20:09:58
2024-12-02,Galletas,3,69.13,Jorge,No,17:42:16
2024-12-02,Café,6,12.64,María,No,16:45:54
2024-12-02,Azúcar,10,20.6,Luis,Sí,12:01:32
2024-12-02,Chocolate,6,54.75,Luis,Sí,17:16:22
2024-12-02,Pan,7,29.12,Sofía,No,13:21:42
2024-12-03,Leche,5,62.31,Luis,Sí,12:54:05
2024-12-03,Azúcar,8,68.8,Carlos,No,16:54:05
2024-12-03,Galletas,4,16.43,María,No,16:01:21
2024-12-03,Café,3,30.18,Ana,Sí,14:42:14
2024-12-04,Café,1,47.11,María,No,13:58:01
2024-12-04,Café,10,32.15,Jorge,No,12:56:08
2024-12-04,Leche,1,20.24,Jorge,Sí,20:05:43
2024-12-05,Té,6,60.68,Carlos,No,09:07:13
2024-12-05,Té,3,59.82,Carlos,No,09:33:15
2024-12-05,Galletas,4,40.03,María,Sí,11:57:52
2024-12-06,Cereal,4,9.95,María,Sí,17:54:19
2024-12-06,Chocolate,4,6.25,Luis,No,20:47:45
2024-12-06,Azúcar,10,62.43,Carlos,No,19:08:38
2024-12-06,Azúcar,9,40.57,Jorge,Sí,11:31:23
2024-12-06,Cereal,10,34.2,Carlos,Sí,18:31:16
2024-12-07,Té,10,50.84,Ana,No,16:58:30
2024-12-08,Cereal,2,19.11,Luis,Sí,13:24:56
2024-12-08,Galletas,6,41.92,María,Sí,13:09:07
2024-12-08,Azúcar,2,23.93,María,No,09:55:20
2024-12-08,Chocolate,7,40.38,María,No,10:36:03
2024-12-09,Pan,8,11.49,Carlos,No,20:28:10
2024-12-10,Pan,9,41.54,Jorge,Sí,15:44:08
2024-12-10,Cereal,8,44.06,María,Sí,11:10:04
2024-12-10,Azúcar,7,39.84,Sofía,No,08:37:59
2024-12-10,Azúcar,3,16.18,Luis,Sí,17:10:54
2024-12-11,Té,10,56.55,Sofía,Sí,16:40:39
2024-12-11,Leche,6,14.58,Sofía,No,16:06:25
2024-12-11,Leche,5,28.25,Sofía,No,14:29:06
2024-12-11,Chocolate,8,38.89,Carlos,Sí,19:11:45
2024-12-12,Azúcar,3,59.95,Sofía,Sí,17:41:35
2024-12-13,Pan,4,43.97,Jorge,Sí,08:39:33
2024-12-13,Galletas,5,40.03,Ana,No,12:27:02
2024-12-13,Galletas,8,7.96,Sofía,No,20:30:37
2024-12-13,Azúcar,8,34.62,Sofía,No,17:02:56
2024-12-14,Té,4,18.16,María,No,18:34:54
2024-12-15,Leche,4,22.03,Ana,Sí,20:23:00
2024-12-15,Chocolate,5,33.15,Ana,Sí,18:57:44
2024-12-16,Té,5,15.19,Luis,No,18:54:31
2024-12-16,Cereal,6,55.45,Sofía,Sí,11:56:22
2024-12-16,Azúcar,10,73.96,Sofía,No,19:24:21
2024-12-17,Leche,3,36.02,Ana,No,14:12:01
2024-12-17,Cereal,4,26.41,Luis,Sí,20:58:18
2024-12-17,Café,1,74.13,Carlos,No,13:55:22
2024-12-18,Galletas,1,73.32,Ana,Sí,16:21:56
2024-12-19,Galletas,3,29.12,Luis,Sí,17:00:27
2024-12-20,Azúcar,7,57.24,Luis,No,15:43:07
2024-12-20,Café,8,23.24,Ana,No,09:31:21
2024-12-20,Leche,7,12.08,Sofía,Sí,10:26:59
2024-12-20,Leche,6,71.71,Ana,Sí,13:11:50
2024-12-20,Cereal,5,72.48,Jorge,No,20:19:41
2024-12-21,Azúcar,3,39.59,Luis,No,20:27:17
2024-12-22,Pan,1,31.11,Sofía,Sí,11:50:24
2024-12-22,Galletas,3,7.08,Sofía,No,17:29:11
2024-12-22,Leche,5,18.67,Sofía,No,13:40:38
2024-12-23,Leche,10,47.07,Luis,No,19:49:51
2024-12-23,Té,7,70.48,Ana,Sí,15:42:57
2024-12-23,Azúcar,9,20.97,Luis,Sí,15:48:45
2024-12-24,Pan,2,14.35,Luis,No,20:50:20
2024-12-24,Chocolate,1,73.34,Luis,No,10:24:29
2024-12-24,Café,5,37.75,Luis,No,14:58:39
2024-12-24,Leche,9,9.52,Jorge,No,19:19:15
2024-12-25,Leche,5,47.6,Jorge,No,14:43:21
2024-12-26,Chocolate,6,26.55,Jorge,Sí,16:56:13
2024-12-26,Galletas,2,37.02,María,Sí,10:23:32
2024-12-26,Cereal,10,7.84,Sofía,Sí,18:45:26
2024-12-27,Galletas,1,67.7,Sofía,No,08:42:40
2024-12-27,Azúcar,6,11.92,Carlos,Sí,16:24:02
2024-12-28,Galletas,4,13.83,Sofía,Sí,13:51:35
2024-12-28,Pan,4,50.89,Luis,No,18:10:27
2024-12-28,Café,5,22.57,Ana,Sí,15:18:17
2024-12-28,Azúcar,1,34.32,Ana,Sí,11:38:00
2024-12-29,Té,4,62.9,Luis,No,14:44:20
2024-12-29,Té,2,49.96,María,Sí,18:11:11
2024-12-30,Pan,8,41.75,Sofía,Sí,14:36:32
2024-12-30,Pan,9,55.15,María,No,15:06:36
2024-12-30,Café,7,66.16,María,No,16:47:03
2024-12-30,Café,6,17.78,Ana,Sí,13:33:53
2024-12-30,Café,6,43.37,Carlos,Sí,13:05:55
2024-12-31,Café,2,66.83,María,No,14:40:44
2025-01-01,Cereal,6,30.13,Ana,Sí,15:05:34
2025-01-01,Azúcar,3,33.93,Ana,No,14:39:11
2025-01-01,Azúcar,8,61.33,Carlos,No,17:39:49
2025-01-01,Café,10,20.39,Sofía,Sí,11:56:55
2025-01-02,Chocolate,7,73.89,Carlos,No,17:42:39
2025-01-03,Café,8,60.56,Ana,Sí,10:44:41
2025-01-04,Cereal,3,18.59,Carlos,Sí,11:10:35
2025-01-05,Pan,2,72.12,Sofía,Sí,11:25:49
2025-01-06,Cereal,10,5.65,Jorge,No,12:50:01
2025-01-06,Cereal,3,39.0,Carlos,Sí,11:29:01
2025-01-06,Azúcar,7,64.3,Luis,No,10:24:58
2025-01-06,Leche,5,17.38,Jorge,No,18:33:52
2025-01-06,Té,7,63.71,Luis,Sí,13:59:40
2025-01-07,Cereal,5,56.03,Sofía,No,18:31:22
2025-01-08,Pan,1,68.31,Carlos,Sí,12:56:16
2025-01-08,Leche,7,24.45,Carlos,Sí,11:08:39
2025-01-08,Cereal,4,44.36,Sofía,No,15:03:39
2025-01-08,Cereal,1,6.23,Luis,Sí,18:54:14
2025-01-09,Té,9,21.9,Jorge,No,20:52:09
2025-01-09,Pan,5,73.21,Sofía,No,12:17:09
2025-01-09,Galletas,4,43.3,Jorge,Sí,11:53:43
2025-01-09,Café,9,59.56,María,No,11:16:58
2025-01-09,Pan,1,41.65,Luis,Sí,15:17:34
2025-01-10,Café,6,31.52,Jorge,No,14:45:57
2025-01-10,Galletas,5,42.8,Luis,No,17:18:00
2025-01-11,Azúcar,2,31.29,María,No,20:30:45
2025-01-12,Chocolate,3,6.27,Sofía,Sí,09:48:08
2025-01-12,Pan,5,24.26,Sofía,No,11:19:03
2025-01-12,Chocolate,4,46.93,María,Sí,15:07:40
2025-01-13,Galletas,4,72.32,Jorge,Sí,14:03:24
2025-01-13,Té,8,63.22,Carlos,No,08:53:09
2025-01-13,Cereal,9,73.11,Luis,No,18:26:32
2025-01-13,Café,3,15.47,Carlos,No,20:04:54
2025-01-14,Té,9,7.0,Ana,No,18:04:23
2025-01-15,Pan,8,43.37,Sofía,Sí,20:47:48
2025-01-16,Galletas,1,20.55,Jorge,Sí,20:15:59
2025-01-16,Azúcar,1,9.31,Luis,No,13:58:34
2025-01-16,Leche,1,8.02,Sofía,Sí,10:35:04
2025-01-17,Cereal,9,74.92,Sofía,Sí,08:14:28
2025-01-17,Café,3,72.83,Ana,Sí,15:56:15
2025-01-18,Té,6,52.51,Jorge,No,20:36:15
2025-01-18,Pan,2,23.72,Jorge,No,14:42:11
2025-01-18,Galletas,5,65.49,Sofía,No,08:13:52
2025-01-18,Pan,4,37.69,Ana,No,13:57:04
2025-01-19,Café,6,36.58,Jorge,Sí,12:36:43
2025-01-19,Galletas,4,17.11,Sofía,No,12:32:05
2025-01-19,Té,7,72.59,Sofía,Sí,20:22:41
2025-01-19,Galletas,5,35.08,Jorge,No,14:45:26
2025-01-20,Té,3,69.05,Sofía,No,20:45:53
2025-01-20,Café,6,17.84,Luis,No,08:44:52
2025-01-20,Azúcar,1,7.11,Carlos,No,11:04:13
2025-01-21,Pan,10,46.09,Carlos,No,16:34:17
2025-01-22,Té,8,66.27,Carlos,No,17:00:22
2025-01-22,Chocolate,10,38.49,Ana,Sí,12:13:33
2025-01-22,Chocolate,7,47.48,Sofía,No,11:14:23
2025-01-22,Cereal,10,30.38,Sofía,No,16:18:58
2025-01-23,Galletas,5,39.3,Ana,Sí,08:48:17
2025-01-23,Leche,9,50.48,Jorge,Sí,18:45:03
2025-01-23,Leche,10,66.05,Luis,Sí,18:43:20
2025-01-23,Cereal,4,30.41,María,Sí,19:02:14
2025-01-24,Leche,8,55.88,María,Sí,08:55:16
2025-01-24,Té,2,21.59,Luis,No,11:10:31
2025-01-24,Leche,2,66.74,Ana,Sí,10:55:54
2025-01-24,Té,2,71.96,Jorge,No,14:11:20
2025-01-25,Café,9,58.92,Carlos,No,13:43:37
2025-01-25,Pan,3,31.95,Sofía,No,12:06:54
2025-01-25,Leche,9,58.17,María,Sí,19:53:57
2025-01-25,Galletas,6,19.57,Luis,No,18:48:22
2025-01-26,Café,8,53.57,Ana,Sí,09:53:41
2025-01-27,Té,10,22.65,Ana,No,20:06:44
2025-01-27,Leche,4,42.42,María,Sí,10:54:29
2025-01-27,Té,9,31.34,Ana,Sí,16:54:07
2025-01-28,Pan,3,56.17,María,Sí,17:00:44
2025-01-28,Galletas,7,34.09,Ana,Sí,16:04:54
2025-01-28,Cereal,3,69.91,Luis,Sí,15:50:51
2025-01-28,Cereal,1,32.51,María,Sí,17:24:12
2025-01-29,Té,2,70.59,Luis,Sí,12:00:07
2025-01-30,Pan,10,65.45,Jorge,Sí,10:06:08
2025-01-30,Té,8,67.68,Carlos,Sí,19:45:43
2025-01-30,Galletas,2,64.82,Luis,No,13:45:18
2025-01-31,Té,4,18.31,Jorge,No,10:38:55
2025-01-31,Té,4,20.6,Luis,No,12:26:03
2025-01-31,Café,7,32.42,Ana,No,09:00:07
2025-02-01,Café,5,8.09,Jorge,Sí,15:06:50
2025-02-01,Té,10,8.45,Jorge,Sí,11:15:52
2025-02-01,Café,2,11.63,Luis,Sí,20:41:50
2025-02-01,Pan,8,64.97,Sofía,No,19:58:22
2025-02-01,Café,7,32.22,Sofía,No,14:59:20
2025-02-02,Café,4,61.1,Jorge,No,10:47:54
2025-02-02,Cereal,5,51.46,Luis,Sí,14:51:20
2025-02-03,Café,7,27.58,Ana,Sí,19:20:58
2025-02-03,Leche,6,27.16,Carlos,Sí,14:06:24
2025-02-04,Pan,5,5.56,Carlos,No,13:20:58
2025-02-04,Azúcar,10,33.64,Luis,No,10:22:05
2025-02-04,Pan,6,52.29,Carlos,Sí,13:32:53
2025-02-04,Té,6,65.12,Sofía,Sí,09:17:08
2025-02-04,Cereal,5,65.56,María,Sí,16:04:38
2025-02-05,Té,2,42.25,Sofía,Sí,10:35:57
2025-02-05,Azúcar,2,10.33,Carlos,Sí,20:22:08
2025-02-06,Cereal,5,22.11,Sofía,Sí,12:13:22
2025-02-06,Pan,7,39.54,María,Sí,17:50:09
2025-02-06,Galletas,4,26.29,María,Sí,11:20:09
2025-02-07,Té,2,39.97,Sofía,Sí,20:14:42
2025-02-07,Galletas,3,7.79,Ana,Sí,09:19:16
2025-02-07,Azúcar,7,67.16,Carlos,Sí,17:53:26
2025-02-07,Cereal,6,26.1,Jorge,Sí,15:44:55
2025-02-07,Leche,2,74.69,Ana,No,15:16:10
2025-02-08,Chocolate,10,33.56,Carlos,Sí,16:59:58
2025-02-08,Té,4,67.22,María,No,20:18:50
2025-02-08,Cereal,8,68.81,Sofía,Sí,13:17:18
2025-02-08,Leche,9,39.98,Ana,No,14:01:12
2025-02-09,Pan,5,50.25,Luis,Sí,08:26:59
2025-02-10,Pan,2,23.45,Ana,No,18:45:24
2025-02-11,Cereal,2,6.01,Carlos,No,15:15:13
2025-02-12,Azúcar,4,59.48,Carlos,No,11:31:57
2025-02-12,Chocolate,3,27.87,Luis,Sí,10:16:52
2025-02-12,Té,8,40.68,Carlos,No,19:15:28
2025-02-13,Café,6,12.42,María,Sí,18:31:22
2025-02-13,Pan,2,17.94,Ana,No,09:21:37
2025-02-13,Azúcar,2,52.9,María,No,16:57:07
2025-02-13,Chocolate,6,33.93,Carlos,Sí,08:21:19
2025-02-13,Pan,4,68.1,Jorge,Sí,16:16:34
2025-02-14,Café,4,17.95,Sofía,No,08:08:28
2025-02-15,Cereal,9,37.23,María,No,15:05:17
2025-02-15,Té,7,49.71,Luis,Sí,09:22:55
2025-02-15,Té,7,53.63,Luis,No,11:21:51
2025-02-15,Cereal,1,27.08,Carlos,No,12:36:46
2025-02-16,Chocolate,1,64.61,Sofía,No,13:25:38
2025-02-17,Leche,4,18.71,Jorge,No,10:01:55
2025-02-17,Galletas,3,57.95,Carlos,No,18:54:07
2025-02-17,Leche,8,35.85,Luis,No,09:53:00
2025-02-18,Galletas,1,21.1,Luis,Sí,10:57:24
2025-02-18,Chocolate,4,34.7,Luis,Sí,10:01:57
2025-02-19,Chocolate,5,24.54,Sofía,No,11:04:05
2025-02-20,Galletas,4,42.65,Luis,Sí,18:20:44
2025-02-21,Té,9,27.61,Sofía,Sí,15:30:30
2025-02-21,Cereal,10,45.41,Carlos,Sí,16:35:03
2025-02-21,Café,1,34.78,Jorge,No,11:01:20
2025-02-21,Café,7,52.8,Carlos,No,17:52:05
2025-02-21,Té,5,66.2,Jorge,Sí,19:18:12
2025-02-22,Chocolate,7,43.45,Luis,No,18:03:42
2025-02-23,Leche,8,32.61,Jorge,No,08:17:14
2025-02-23,Chocolate,7,45.45,Luis,Sí,13:48:14
2025-02-24,Café,6,33.08,Jorge,Sí,11:04:23
2025-02-24,Chocolate,8,63.4,Sofía,Sí,19:34:49
2025-02-24,Té,8,41.52,Jorge,Sí,10:54:33
2025-02-24,Chocolate,8,19.48,Jorge,Sí,14:19:57
2025-02-24,Café,8,16.5,Carlos,No,09:08:24
2025-02-25,Té,4,66.0,Jorge,No,18:19:33
2025-02-25,Té,2,55.46,Jorge,No,11:08:22
2025-02-25,Té,1,23.29,Luis,Sí,13:05:51
2025-02-25,Chocolate,4,40.3,Ana,No,08:49:55
2025-02-25,Té,10,34.8,Sofía,Sí,14:33:35
2025-02-26,Café,10,9.69,Ana,Sí,09:44:26
2025-02-26,Café,7,27.27,Luis,No,18:00:31
2025-02-26,Galletas,6,37.98,Ana,No,20:00:18
2025-02-26,Galletas,4,17.37,María,Sí,16:06:43
2025-02-26,Pan,4,36.32,Jorge,Sí,08:32:08
2025-02-27,Té,3,32.16,Sofía,Sí,15:58:51
2025-02-27,Cereal,4,21.3,María,Sí,20:48:39
2025-02-28,Leche,5,65.36,Sofía,No,16:39:56
2025-03-01,Leche,5,43.54,Jorge,Sí,19:37:53
2025-03-01,Té,8,9.73,María,No,09:26:44
2025-03-01,Galletas,7,17.59,Sofía,No,17:53:03
2025-03-01,Galletas,9,15.58,Carlos,No,18:42:02
2025-03-02,Galletas,10,64.04,Ana,No,19:10:44
2025-03-02,Galletas,2,27.56,Carlos,Sí,14:21:59
2025-03-03,Café,2,15.33,Luis,No,19:22:56
2025-03-03,Leche,1,30.42,Ana,No,18:38:21
2025-03-03,Chocolate,8,12.54,Luis,No,10:54:46
2025-03-04,Leche,8,44.06,Luis,No,11:27:20
2025-03-04,Café,8,72.29,Jorge,Sí,17:18:53
2025-03-04,Azúcar,4,12.74,Carlos,No,08:40:48
2025-03-04,Cereal,6,56.47,María,No,09:00:49
2025-03-05,Azúcar,5,34.48,Sofía,Sí,14:14:36
2025-03-06,Té,5,66.99,Ana,No,12:45:53
2025-03-07,Leche,3,30.28,Sofía,Sí,20:50:47
2025-03-07,Leche,6,23.1,Ana,Sí,15:55:15
2025-03-07,Pan,2,36.36,Carlos,Sí,18:39:11
2025-03-08,Café,5,21.54,Ana,No,15:39:05
2025-03-08,Azúcar,1,7.74,María,Sí,09:26:30
2025-03-08,Leche,10,29.4,Sofía,Sí,11:40:17
2025-03-09,Café,9,39.64,Luis,Sí,20:32:01
2025-03-09,Café,2,17.32,María,No,15:51:35
2025-03-10,Leche,3,70.28,Luis,No,10:54:23
2025-03-11,Chocolate,2,66.58,Jorge,Sí,15:24:53
2025-03-11,Té,1,59.04,Sofía,Sí,09:36:09
2025-03-11,Cereal,3,56.05,Ana,Sí,08:27:23
2025-03-11,Azúcar,2,31.01,Jorge,Sí,08:12:07
2025-03-12,Cereal,1,39.58,Sofía,Sí,17:40:01
2025-03-12,Chocolate,7,12.67,Sofía,Sí,19:15:38
2025-03-13,Té,2,68.52,Luis,No,11:23:07
2025-03-14,Chocolate,6,20.69,Ana,No,09:37:08
2025-03-14,Azúcar,8,15.72,Carlos,No,18:53:22
2025-03-14,Chocolate,1,53.25,Luis,No,13:54:56
2025-03-15,Pan,5,45.89,María,No,17:01:46
2025-03-15,Cereal,5,70.0,Carlos,No,11:55:01
2025-03-15,Cereal,5,55.36,Jorge,Sí,09:23:46
2025-03-16,Pan,7,18.55,Jorge,Sí,10:55:16
2025-03-16,Té,5,16.79,Carlos,No,14:24:26
2025-03-17,Té,2,68.23,María,No,15:26:48
2025-03-17,Leche,6,33.2,Jorge,Sí,08:07:18
2025-03-18,Café,6,26.19,Jorge,Sí,17:36:08
2025-03-18,Café,10,54.43,Jorge,Sí,08:18:14
2025-03-18,Galletas,2,56.01,Jorge,No,09:49:44
2025-03-19,Pan,5,74.4,Ana,Sí,19:32:37
2025-03-20,Chocolate,4,19.25,María,Sí,09:55:56
2025-03-20,Pan,8,9.68,Jorge,Sí,20:22:55
2025-03-20,Leche,7,50.4,Jorge,Sí,17:41:38
2025-03-21,Pan,7,20.22,Luis,Sí,12:33:50
2025-03-22,Galletas,8,52.5,Luis,Sí,14:15:06
2025-03-23,Café,2,62.13,María,No,18:10:53
2025-03-23,Chocolate,10,6.99,Luis,Sí,12:58:02
2025-03-23,Pan,3,35.52,Luis,No,18:50:21
2025-03-23,Té,8,46.71,Ana,No,18:30:47
2025-03-24,Café,2,72.79,Jorge,No,20:48:16
2025-03-24,Pan,7,26.78,Ana,Sí,15:50:40
2025-03-24,Café,5,54.2,Luis,Sí,14:09:14
2025-03-24,Té,7,15.52,Carlos,No,13:58:36
2025-03-24,Té,1,58.25,Jorge,Sí,14:54:17
2025-03-25,Azúcar,9,61.71,Sofía,Sí,11:22:47
2025-03-25,Té,6,7.27,Carlos,No,20:05:38
2025-03-25,Té,9,10.36,María,Sí,14:01:36
2025-03-26,Leche,7,62.0,María,Sí,18:54:51
2025-03-26,Cereal,3,7.5,Carlos,Sí,16:17:37
2025-03-26,Cereal,4,17.98,Jorge,Sí,12:52:17
2025-03-26,Leche,2,48.99,Sofía,No,13:39:06
2025-03-26,Té,3,69.4,María,Sí,15:56:50
2025-03-27,Pan,4,39.93,Sofía,Sí,11:17:27
2025-03-27,Galletas,9,43.12,Carlos,No,17:30:39
2025-03-27,Chocolate,8,22.31,Luis,No,09:40:30
2025-03-27,Leche,3,37.81,Ana,No,19:14:14
2025-03-27,Pan,7,5.38,Luis,Sí,15:59:52
2025-03-28,Leche,6,41.78,Ana,Sí,20:31:56
2025-03-28,Pan,2,19.08,Jorge,Sí,12:42:07
2025-03-29,Café,6,7.82,Carlos,Sí,16:20:49
2025-03-29,Leche,9,37.58,Sofía,No,09:06:30
2025-03-29,Azúcar,4,60.64,Ana,Sí,16:24:33
2025-03-29,Pan,10,28.29,Jorge,No,13:17:25
2025-03-29,Cereal,2,35.3,Sofía,No,19:12:12
2025-03-30,Chocolate,6,72.82,Jorge,No,20:29:58
2025-03-30,Galletas,5,57.6,Jorge,No,13:56:38
2025-03-31,Azúcar,1,49.48,Carlos,Sí,13:27:10
2025-03-31,Pan,2,32.25,María,No,17:22:54
2025-04-01,Leche,1,44.73,Luis,Sí,20:55:06
2025-04-01,Café,8,6.5,Carlos,Sí,19:29:56
2025-04-02,Azúcar,7,43.67,María,No,20:37:49
2025-04-02,Pan,2,24.65,Luis,Sí,08:13:52
2025-04-02,Azúcar,5,52.17,Carlos,Sí,09:47:55
2025-04-03,Té,3,31.98,Jorge,Sí,15:42:52
2025-04-03,Galletas,7,12.57,Carlos,No,14:39:41
2025-04-03,Chocolate,9,68.07,María,No,17:52:54
2025-04-03,Leche,9,58.26,Jorge,No,20:50:21
2025-04-03,Café,7,7.43,Sofía,No,19:26:58
2025-04-04,Chocolate,2,57.46,Jorge,Sí,12:36:33
2025-04-04,Cereal,4,23.7,Carlos,Sí,16:23:41
2025-04-05,Café,10,26.1,Sofía,No,16:18:35
2025-04-05,Leche,7,29.85,Ana,Sí,13:51:06
2025-04-06,Pan,5,55.8,Sofía,No,08:40:26
2025-04-07,Azúcar,2,37.12,María,Sí,13:29:25
2025-04-08,Café,5,30.57,Ana,No,13:38:18
2025-04-08,Pan,10,20.58,Sofía,Sí,11:21:16
2025-04-08,Café,4,38.2,Jorge,No,16:46:08
2025-04-08,Cereal,3,73.46,Luis,No,19:12:47
2025-04-09,Azúcar,5,10.91,Sofía,Sí,16:53:41
2025-04-09,Leche,4,22.73,Carlos,Sí,10:06:14
2025-04-09,Galletas,5,7.68,Ana,No,12:39:39
2025-04-10,Té,2,32.87,Ana,Sí,18:01:42
2025-04-10,Cereal,10,20.45,Jorge,No,12:38:51
2025-04-10,Leche,7,39.08,Carlos,No,09:54:07
2025-04-11,Cereal,5,37.19,Luis,No,16:15:50
2025-04-11,Galletas,3,38.3,Ana,No,09:56:45
2025-04-11,Chocolate,4,53.02,Jorge,No,16:42:51
2025-04-11,Azúcar,6,40.31,Sofía,No,20:20:41
2025-04-12,Pan,1,57.73,Sofía,No,09:54:58
2025-04-12,Chocolate,8,27.06,Sofía,No,15:46:51
2025-04-12,Té,3,38.04,Ana,No,12:29:03
2025-04-13,Azúcar,9,34.09,Sofía,No,20:45:36
2025-04-13,Galletas,10,55.34,Luis,Sí,17:08:54
2025-04-13,Galletas,3,55.89,María,No,15:38:31
2025-04-13,Galletas,1,39.55,Carlos,Sí,09:03:51
2025-04-13,Pan,7,7.66,Jorge,Sí,09:32:13
2025-04-14,Pan,10,56.41,Luis,Sí,19:57:05
2025-04-14,Té,10,35.22,Carlos,No,17:00:06
2025-04-14,Cereal,10,39.64,Sofía,No,08:02:12
2025-04-15,Té,9,8.21,Carlos,No,13:12:01
2025-04-15,Pan,5,15.24,Ana,Sí,13:07:57
2025-04-15,Café,1,50.01,Sofía,Sí,12:47:52
2025-04-15,Galletas,7,44.97,Jorge,No,10:23:06
2025-04-15,Pan,4,43.72,Carlos,Sí,20:55:36
2025-04-16,Chocolate,3,25.18,Luis,Sí,11:53:13
2025-04-16,Chocolate,7,53.93,María,No,16:14:02
2025-04-16,Chocolate,3,66.69,Luis,No,08:37:53
2025-04-17,Té,7,12.68,Luis,Sí,13:26:15
2025-04-17,Té,2,44.05,Carlos,Sí,16:27:29
2025-04-17,Galletas,9,54.4,Ana,No,14:38:21
2025-04-17,Pan,6,29.33,Jorge,No,11:29:51
2025-04-18,Leche,7,18.25,Jorge,Sí,11:12:19
2025-04-18,Café,1,35.05,Sofía,No,09:46:21
2025-04-18,Café,5,48.38,Carlos,Sí,09:41:17
2025-04-19,Café,2,68.7,Carlos,No,14:45:06
2025-04-19,Leche,4,37.8,Ana,Sí,16:40:43
2025-04-19,Galletas,10,45.8,Luis,Sí,12:15:01
2025-04-19,Azúcar,8,74.05,Ana,Sí,17:41:21
2025-04-19,Té,9,31.23,Jorge,No,12:17:53
2025-04-20,Pan,10,5.59,Carlos,No,12:55:41
2025-04-20,Galletas,9,65.17,Luis,Sí,14:32:59
2025-04-20,Té,10,73.69,Ana,No,15:18:14
2025-04-20,Té,8,43.2,Luis,Sí,10:51:22
2025-04-21,Café,8,38.61,Ana,Sí,17:14:58
2025-04-21,Leche,3,64.38,Ana,No,10:13:57
2025-04-21,Té,7,9.08,Sofía,Sí,10:32:30
2025-04-22,Galletas,9,43.35,Ana,Sí,08:12:38
2025-04-22,Azúcar,1,17.59,Sofía,No,17:04:45
2025-04-22,Azúcar,6,69.14,Luis,No,13:52:43
2025-04-23,Azúcar,8,72.75,Carlos,No,08:21:23
2025-04-23,Leche,2,50.7,Luis,Sí,10:41:30
2025-04-23,Cereal,5,59.06,María,Sí,20:02:14
2025-04-24,Azúcar,2,64.7,Jorge,Sí,14:49:32
2025-04-24,Té,4,9.75,Sofía,Sí,09:17:25
2025-04-24,Pan,9,41.71,María,Sí,18:00:37
2025-04-25,Chocolate,1,13.95,Carlos,Sí,12:11:13
2025-04-25,Café,10,17.56,María,No,16:55:37
2025-04-26,Chocolate,10,27.19,María,Sí,14:42:29
2025-04-26,Té,3,23.06,Carlos,No,15:19:15
2025-04-26,Café,8,32.3,Luis,Sí,12:12:32
2025-04-26,Té,10,73.06,María,Sí,10:16:05
2025-04-26,Azúcar,3,67.97,Sofía,Sí,09:04:45
2025-04-27,Té,10,20.05,Carlos,No,18:06:05
2025-04-27,Azúcar,9,27.98,Jorge,No,11:29:02
2025-04-27,Té,2,7.08,Sofía,No,18:51:51
2025-04-27,Té,5,13.04,Ana,Sí,18:12:14
2025-04-27,Café,8,58.47,Carlos,Sí,15:15:36
2025-04-28,Pan,4,18.65,Carlos,Sí,09:15:10
2025-04-28,Cereal,2,51.87,Sofía,No,15:22:55
2025-04-29,Chocolate,3,74.45,María,No,16:19:55
2025-04-29,Pan,3,17.59,Ana,No,10:31:42
2025-04-30,Té,6,30.95,Carlos,Sí,12:12:10
2025-04-30,Cereal,2,37.58,Sofía,No,18:18:02
2025-05-01,Azúcar,1,24.5,Carlos,Sí,19:43:05
2025-05-01,Pan,3,31.93,Luis,No,09:04:38
2025-05-01,Leche,5,46.38,María,No,14:46:31
2025-05-01,Chocolate,4,38.28,Ana,Sí,19:50:38
2025-05-02,Chocolate,2,72.19,Jorge,Sí,15:09:53
2025-05-02,Leche,3,65.02,Ana,Sí,16:11:05
2025-05-02,Leche,3,73.12,María,No,13:27:14
2025-05-03,Chocolate,9,62.79,Sofía,No,09:44:15
2025-05-03,Chocolate,4,63.88,María,No,08:43:39
2025-05-03,Leche,4,71.25,María,No,10:39:15
2025-05-04,Café,2,49.18,Sofía,No,08:17:44
2025-05-04,Azúcar,1,72.75,Jorge,No,18:46:25
2025-05-04,Pan,7,54.86,María,Sí,14:48:19
2025-05-04,Azúcar,6,10.04,Carlos,Sí,18:54:23
2025-05-04,Pan,7,8.15,Ana,Sí,20:09:24
2025-05-05,Pan,2,73.68,Jorge,Sí,11:25:11
2025-05-05,Café,7,40.31,Sofía,Sí,09:30:46
2025-05-06,Cereal,1,67.53,María,No,20:32:17
2025-05-06,Pan,6,47.81,Jorge,Sí,09:46:36
2025-05-07,Té,7,49.81,Sofía,Sí,08:04:28
2025-05-07,Leche,8,61.93,María,No,18:11:49
2025-05-07,Chocolate,1,57.16,Luis,Sí,12:02:20
2025-05-07,Leche,7,16.36,Carlos,No,09:39:21
2025-05-07,Cereal,10,74.43,Luis,No,16:44:55
2025-05-08,Chocolate,1,62.18,Carlos,Sí,20:00:44
2025-05-08,Azúcar,4,39.87,Sofía,No,19:38:12
2025-05-09,Pan,5,19.61,Sofía,Sí,12:06:30
2025-05-10,Azúcar,9,47.98,Carlos,Sí,16:49:57
2025-05-10,Galletas,5,12.54,Luis,No,08:33:48
2025-05-10,Leche,2,16.88,Carlos,Sí,13:33:24
2025-05-10,Pan,7,59.37,María,No,11:41:18
2025-05-11,Azúcar,3,6.97,Ana,No,15:14:15
2025-05-11,Azúcar,10,13.46,María,Sí,13:51:58
2025-05-11,Pan,7,51.53,Carlos,No,08:27:42
2025-05-12,Azúcar,9,68.46,Ana,No,18:06:17
2025-05-13,Café,5,36.32,Jorge,Sí,08:23:25
2025-05-14,Leche,2,13.09,Luis,Sí,11:09:35
2025-05-14,Leche,4,6.33,Sofía,No,09:36:08
2025-05-14,Galletas,5,55.91,Ana,Sí,14:15:04
2025-05-14,Pan,7,61.31,Jorge,Sí,08:47:24
2025-05-14,Galletas,4,65.83,Sofía,Sí,17:34:58
2025-05-15,Té,8,35.32,Carlos,No,13:02:27
2025-05-15,Café,7,56.73,Sofía,Sí,08:00:14
2025-05-15,Galletas,4,70.81,María,Sí,18:14:27
2025-05-16,Pan,5,44.37,Jorge,No,17:42:40
2025-05-16,Azúcar,1,57.08,Ana,No,17:18:27
2025-05-16,Chocolate,8,33.7,María,No,08:16:51
2025-05-16,Azúcar,3,28.14,Jorge,No,15:35:43
2025-05-16,Leche,3,58.08,Jorge,No,12:11:12
2025-05-17,Cereal,3,68.66,Ana,Sí,15:10:15
2025-05-17,Pan,8,38.04,Sofía,No,10:44:26
2025-05-17,Té,9,6.33,María,No,16:32:21
2025-05-17,Chocolate,7,27.99,Luis,Sí,15:01:41
2025-05-17,Té,6,74.19,Ana,No,14:46:06
2025-05-18,Chocolate,2,34.34,Jorge,Sí,14:24:11
2025-05-18,Leche,2,34.68,Sofía,No,10:20:14
2025-05-18,Leche,9,33.19,Ana,Sí,13:00:31
2025-05-18,Leche,7,52.14,Sofía,No,14:08:28
2025-05-18,Azúcar,5,67.84,Carlos,Sí,18:49:11
2025-05-19,Leche,3,73.24,Carlos,Sí,12:47:42
2025-05-20,Chocolate,3,49.51,Ana,Sí,11:07:04
2025-05-20,Galletas,6,37.74,Sofía,Sí,15:36:13
2025-05-20,Leche,7,68.0,Carlos,No,09:11:14
2025-05-20,Cereal,7,32.25,María,Sí,14:45:34
2025-05-21,Chocolate,2,65.46,Sofía,No,15:33:27
2025-05-21,Galletas,3,25.61,Jorge,No,08:18:48
2025-05-21,Café,10,64.5,María,Sí,08:45:54
2025-05-21,Cereal,9,11.32,Sofía,No,08:49:33
2025-05-22,Chocolate,4,21.52,Jorge,No,12:02:15
2025-05-22,Galletas,2,71.49,Carlos,No,10:25:20
2025-05-22,Té,5,50.26,Luis,No,20:47:05
2025-05-22,Azúcar,1,46.33,Sofía,No,18:29:29
2025-05-22,Té,8,59.43,Ana,Sí,10:26:11
2025-05-23,Café,4,32.7,Jorge,Sí,13:49:46
2025-05-24,Leche,3,65.58,Ana,Sí,18:24:37
2025-05-24,Galletas,3,74.1,Luis,No,08:41:29
2025-05-24,Cereal,2,49.03,Sofía,No,19:44:10
2025-05-24,Azúcar,6,59.32,Jorge,No,10:50:50
2025-05-24,Leche,7,66.61,Ana,No,13:03:46
2025-05-25,Cereal,9,36.6,Ana,Sí,20:25:07
2025-05-25,Azúcar,10,20.56,María,Sí,09:32:45
2025-05-25,Azúcar,9,73.57,Ana,No,12:23:38
2025-05-25,Leche,2,55.86,Carlos,No,17:22:26
2025-05-25,Té,7,13.11,Luis,Sí,20:19:51
2025-05-26,Leche,3,33.87,María,Sí,09:33:44
2025-05-26,Galletas,10,40.56,Ana,No,14:07:59
2025-05-27,Chocolate,6,10.79,Carlos,Sí,15:57:21
2025-05-27,Cereal,5,36.68,Jorge,Sí,08:05:31
2025-05-28,Galletas,7,46.95,Luis,No,11:40:14
2025-05-28,Leche,5,35.3,Sofía,No,08:28:28
2025-05-28,Chocolate,6,22.47,María,No,18:25:40
2025-05-29,Galletas,5,38.02,Luis,No,17:44:48
2025-05-29,Azúcar,7,66.5,Luis,Sí,08:19:53
2025-05-29,Pan,4,48.3,Carlos,Sí,09:31:33
2025-05-30,Leche,10,30.71,María,No,15:19:46
2025-05-30,Azúcar,1,34.0,Ana,No,11:35:42
2025-05-30,Chocolate,7,32.52,Carlos,No,18:42:19
2025-05-31,Chocolate,4,15.48,Carlos,No,17:54:46
2025-05-31,Café,2,24.19,Jorge,No,11:10:09
2025-06-01,Azúcar,6,26.66,María,Sí,08:20:07
2025-06-02,Café,4,71.63,Carlos,No,09:17:59
2025-06-03,Chocolate,7,58.7,Sofía,Sí,10:30:00
2025-06-03,Chocolate,6,28.46,Jorge,No,18:44:41
2025-06-03,Cereal,6,50.56,María,Sí,16:37:33
2025-06-03,Pan,4,31.91,Carlos,No,08:03:49
2025-06-03,Leche,5,37.38,Luis,Sí,14:26:28
2025-06-04,Leche,4,33.5,Luis,Sí,15:14:08
2025-06-05,Té,2,29.92,Luis,Sí,09:35:11
2025-06-06,Chocolate,8,21.83,Luis,Sí,13:38:43
2025-06-06,Azúcar,2,70.38,María,No,09:07:07
2025-06-06,Leche,4,63.81,Sofía,Sí,12:30:27
2025-06-07,Cereal,10,51.63,Jorge,No,08:51:09
2025-06-07,Azúcar,9,71.2,María,Sí,11:01:16
2025-06-08,Galletas,3,18.71,María,Sí,09:53:44
2025-06-08,Cereal,9,57.35,Ana,Sí,20:34:00
2025-06-09,Chocolate,10,71.4,María,Sí,08:07:36
2025-06-09,Azúcar,2,64.03,Carlos,No,18:14:56
2025-06-10,Café,5,39.34,Ana,Sí,14:34:23
2025-06-11,Chocolate,2,19.19,Carlos,No,10:54:34
2025-06-11,Té,2,66.63,Jorge,Sí,08:37:09
2025-06-11,Pan,5,54.42,Carlos,No,17:47:20
2025-06-11,Galletas,3,62.18,Jorge,Sí,16:48:55
2025-06-12,Pan,1,7.81,Jorge,Sí,17:39:58
2025-06-12,Cereal,9,28.52,Luis,No,13:20:13
2025-06-12,Café,1,19.68,María,Sí,16:29:21
2025-06-12,Azúcar,3,15.54,Sofía,Sí,17:21:13
2025-06-13,Azúcar,7,57.9,Luis,No,20:21:00
2025-06-13,Café,1,74.88,Sofía,No,19:53:41
2025-06-13,Chocolate,4,21.49,María,Sí,19:07:39
2025-06-13,Café,8,37.5,María,No,12:26:27
2025-06-14,Azúcar,2,65.74,Ana,No,12:58:51
2025-06-14,Té,10,64.47,Sofía,No,13:46:34
2025-06-14,Galletas,9,70.46,Jorge,Sí,09:30:47
2025-06-14,Té,5,39.74,Carlos,No,12:43:21
2025-06-15,Galletas,10,18.35,Sofía,No,10:14:58
2025-06-15,Té,1,9.89,Sofía,Sí,09:11:31
2025-06-15,Galletas,1,74.13,Sofía,Sí,14:08:05
2025-06-15,Galletas,5,48.33,Sofía,No,18:40:41
2025-06-15,Pan,2,64.75,Ana,No,09:17:09
2025-06-16,Pan,7,22.18,Sofía,Sí,18:29:37
2025-06-16,Pan,10,47.82,Sofía,Sí,17:25:37
2025-06-16,Leche,2,30.6,Luis,Sí,20:25:01
2025-06-16,Chocolate,3,48.75,Luis,Sí,19:45:01
2025-06-16,Leche,8,55.78,Sofía,No,17:09:49
2025-06-17,Té,10,52.21,Sofía,No,17:48:21
2025-06-17,Leche,2,69.25,Sofía,No,13:01:10
2025-06-18,Café,5,44.9,María,Sí,17:48:34
2025-06-19,Té,8,49.41,Jorge,Sí,08:52:34
2025-06-19,Pan,5,28.93,Carlos,No,14:07:12
2025-06-20,Leche,10,9.53,Jorge,Sí,10:00:11
2025-06-20,Té,9,50.87,Sofía,No,15:16:52
2025-06-21,Pan,10,33.88,María,No,17:16:53
2025-06-22,Cereal,9,21.96,Jorge,No,19:50:44
2025-06-22,Leche,10,28.23,Luis,Sí,19:14:29
2025-06-22,Chocolate,1,58.99,Carlos,No,16:13:26
2025-06-22,Té,1,71.82,Jorge,No,15:10:37
2025-06-22,Leche,3,47.78,Carlos,Sí,09:03:32
2025-06-23,Pan,1,25.47,Sofía,No,19:45:43
2025-06-23,Café,5,52.14,Carlos,No,19:40:50
2025-06-23,Leche,10,66.78,Ana,No,11:29:10
2025-06-24,Café,7,43.54,Jorge,Sí,12:21:02
2025-06-24,Cereal,5,72.83,Sofía,Sí,10:07:13
2025-06-24,Cereal,4,60.9,Luis,Sí,12:32:58
2025-06-24,Leche,1,17.18,Jorge,Sí,15:27:33
2025-06-25,Café,10,22.97,María,Sí,16:24:11
2025-06-25,Cereal,6,55.92,Sofía,No,19:56:46
2025-06-25,Azúcar,10,30.51,María,Sí,17:48:46
2025-06-26,Té,10,5.03,Luis,No,08:28:36
2025-06-26,Pan,9,67.25,Jorge,No,14:15:37
2025-06-26,Azúcar,8,6.47,Jorge,No,09:00:28
2025-06-26,Leche,10,27.37,María,Sí,14:07:41
2025-06-26,Leche,6,5.24,Sofía,No,13:53:05
2025-06-27,Café,5,44.68,Luis,No,08:51:49
2025-06-27,Pan,4,30.29,Sofía,Sí,08:03:52
2025-06-27,Galletas,7,33.9,Sofía,Sí,12:01:14
2025-06-27,Chocolate,8,29.87,Luis,Sí,14:21:06
2025-06-27,Pan,1,69.98,Sofía,Sí,19:53:28
2025-06-28,Té,6,59.85,Carlos,No,12:49:56
2025-06-28,Azúcar,1,12.97,Jorge,No,19:29:39
2025-06-29,Café,7,64.93,Jorge,Sí,20:54:20
2025-06-29,Leche,3,58.19,Carlos,No,14:51:46
2025-06-29,Pan,2,72.67,María,No,20:13:40
2025-06-29,Café,4,63.64,Ana,Sí,17:22:54
2025-06-30,Pan,6,68.21,Ana,No,10:09:42
2025-06-30,Galletas,1,19.23,Ana,No,17:16:57
2025-06-30,Té,10,58.33,Jorge,No,16:31:57
2025-06-30,Azúcar,10,55.5,María,Sí,17:10:36
2025-07-01,Café,3,43.77,Luis,Sí,14:10:26
2025-07-01,Chocolate,10,54.57,Sofía,No,13:59:34
2025-07-01,Galletas,3,49.67,Luis,Sí,19:53:38
2025-07-02,Leche,7,59.76,Luis,No,20:40:43
2025-07-02,Cereal,6,74.15,Ana,No,14:12:12
2025-07-02,Azúcar,1,64.73,Sofía,No,13:32:12
2025-07-02,Pan,6,15.45,Luis,No,09:59:25
2025-07-02,Cereal,4,32.88,Jorge,No,19:38:49
2025-07-03,Café,3,68.77,Jorge,Sí,17:47:26
2025-07-03,Pan,3,32.67,Jorge,Sí,10:31:34
2025-07-03,Azúcar,2,27.61,Carlos,Sí,17:52:42
2025-07-04,Café,7,74.66,Sofía,No,16:04:48
2025-07-04,Azúcar,2,42.59,Sofía,Sí,16:54:24
2025-07-04,Té,7,53.81,Jorge,Sí,18:23:42
2025-07-05,Leche,9,55.58,Jorge,No,11:02:44
2025-07-06,Café,5,25.06,Jorge,No,13:26:24
2025-07-06,Té,7,36.82,Jorge,Sí,08:36:51
2025-07-07,Leche,9,19.75,Jorge,Sí,13:50:25
2025-07-07,Cereal,9,5.73,Jorge,Sí,20:51:00
2025-07-07,Chocolate,9,42.15,Sofía,Sí,16:13:31
2025-07-08,Cereal,4,73.13,Carlos,Sí,19:23:13
2025-07-08,Cereal,9,30.56,María,Sí,09:59:19
2025-07-08,Galletas,5,33.01,Jorge,No,17:45:27
2025-07-09,Té,7,47.69,Ana,No,08:46:44
2025-07-09,Galletas,9,12.06,Ana,Sí,15:08:49
2025-07-09,Leche,4,31.19,María,No,20:49:08
2025-07-10,Chocolate,5,59.07,Ana,No,14:45:34
2025-07-10,Chocolate,1,61.98,Jorge,No,16:01:12
2025-07-10,Azúcar,6,70.05,Jorge,No,12:14:57
2025-07-10,Cereal,6,60.35,Sofía,No,10:51:39
2025-07-11,Café,5,71.6,Ana,Sí,20:24:36
2025-07-12,Chocolate,10,60.74,Ana,No,11:17:53
2025-07-12,Chocolate,6,19.63,Carlos,Sí,17:03:43
2025-07-13,Leche,1,23.44,Sofía,No,15:20:23
2025-07-13,Cereal,8,43.48,María,Sí,12:02:42
2025-07-14,Café,1,66.43,Luis,Sí,15:20:30
2025-07-15,Azúcar,8,25.27,Sofía,No,08:26:25
2025-07-15,Café,3,55.98,Jorge,Sí,12:34:37
2025-07-15,Galletas,4,38.77,María,No,14:11:35
2025-07-15,Té,9,33.54,Ana,Sí,12:38:26
2025-07-15,Pan,2,73.3,Sofía,Sí,15:39:34
2025-07-16,Galletas,1,53.16,Luis,No,14:24:22
2025-07-16,Galletas,1,21.28,Jorge,Sí,19:48:04
2025-07-17,Café,3,35.7,Ana,Sí,08:46:59
2025-07-17,Galletas,7,67.7,Jorge,No,16:28:40
2025-07-17,Chocolate,2,69.29,Sofía,No,13:13:35
2025-07-18,Azúcar,9,69.82,Sofía,No,16:59:46
2025-07-18,Chocolate,1,36.94,María,Sí,13:13:30
2025-07-18,Azúcar,10,65.16,Ana,No,19:37:31
2025-07-19,Galletas,10,67.81,María,No,17:41:44
2025-07-19,Azúcar,9,41.95,Ana,Sí,16:08:39
2025-07-19,Galletas,10,56.18,Jorge,No,09:04:11
2025-07-20,Azúcar,3,20.17,Sofía,No,14:12:33
2025-07-20,Té,5,37.72,Ana,No,10:09:43
2025-07-21,Cereal,4,22.26,Jorge,Sí,10:10:16
2025-07-21,Té,1,43.61,Jorge,Sí,20:00:02
2025-07-21,Chocolate,4,18.67,Luis,No,16:31:26
2025-07-21,Café,9,49.85,Luis,No,17:15:10
2025-07-21,Pan,2,9.39,Jorge,No,08:23:41
2025-07-22,Leche,3,64.45,Carlos,No,16:19:42
2025-07-22,Cereal,1,39.77,Sofía,No,16:18:26
2025-07-23,Galletas,10,10.53,Jorge,No,08:53:40
2025-07-23,Café,2,6.16,Carlos,Sí,12:11:03
2025-07-24,Pan,9,55.68,Jorge,Sí,20:51:23
2025-07-24,Galletas,8,22.35,Luis,No,14:39:20
2025-07-24,Cereal,2,49.83,Sofía,Sí,15:02:59
2025-07-24,Pan,5,55.24,Jorge,No,16:25:18
2025-07-24,Azúcar,2,47.77,Sofía,Sí,18:59:05
2025-07-25,Cereal,1,34.36,Carlos,Sí,18:17:22
2025-07-25,Café,6,13.43,María,Sí,18:32:59
2025-07-26,Azúcar,5,7.24,Sofía,Sí,19:59:57
2025-07-26,Cereal,2,44.21,María,No,12:55:36
2025-07-27,Pan,1,68.65,María,No,15:10:59
2025-07-27,Cereal,9,12.33,María,No,13:45:54
2025-07-27,Leche,6,54.2,Sofía,Sí,16:34:19
2025-07-27,Chocolate,6,55.65,Jorge,Sí,18:54:17
2025-07-27,Té,3,65.12,Ana,No,20:34:02
2025-07-28,Cereal,2,60.79,Ana,No,18:34:02
2025-07-29,Galletas,1,37.99,Luis,Sí,18:34:42
2025-07-29,Café,4,28.55,María,Sí,19:33:09
2025-07-29,Leche,1,36.42,Sofía,No,17:20:57
2025-07-29,Café,3,55.47,Carlos,Sí,11:39:25
2025-07-30,Pan,6,69.22,Jorge,Sí,10:23:26
2025-07-30,Té,2,45.62,María,No,16:38:20
2025-07-31,Azúcar,1,59.63,María,No,18:32:08
2025-08-01,Té,7,12.33,Sofía,Sí,17:53:11
2025-08-01,Té,4,17.66,Carlos,No,12:59:19
2025-08-01,Café,8,9.31,Jorge,No,08:05:08
2025-08-02,Azúcar,10,34.07,María,Sí,17:32:03
2025-08-02,Azúcar,6,26.3,Carlos,No,20:10:43
2025-08-02,Azúcar,3,20.93,Jorge,Sí,15:10:46
2025-08-02,Galletas,7,7.1,Sofía,No,09:10:42
2025-08-02,Leche,2,69.71,Ana,Sí,18:26:16
2025-08-03,Galletas,8,69.54,Luis,Sí,14:12:51
2025-08-03,Galletas,7,67.17,Sofía,Sí,08:52:04
2025-08-04,Azúcar,4,32.81,Ana,Sí,13:34:12
2025-08-04,Pan,6,37.71,Jorge,Sí,11:23:40
2025-08-04,Azúcar,7,35.71,Sofía,Sí,16:06:55
2025-08-04,Leche,7,26.83,María,No,16:35:14
2025-08-05,Azúcar,6,19.48,Ana,No,17:08:04
2025-08-05,Galletas,4,12.33,Ana,No,16:22:54
2025-08-05,Leche,3,41.36,María,Sí,11:32:30
2025-08-06,Leche,2,43.99,Carlos,No,19:46:29
2025-08-07,Chocolate,6,15.79,María,Sí,14:45:35
2025-08-07,Azúcar,6,59.77,Jorge,Sí,15:24:08
2025-08-08,Azúcar,3,46.58,Ana,Sí,15:16:15
2025-08-08,Té,1,46.93,Jorge,Sí,11:39:08
2025-08-08,Pan,5,54.58,Luis,Sí,14:59:03
2025-08-08,Cereal,7,21.49,Ana,No,17:20:15
2025-08-09,Pan,9,63.32,Ana,Sí,08:10:35
2025-08-09,Azúcar,9,38.79,Jorge,Sí,09:19:53
2025-08-09,Galletas,8,15.56,Sofía,Sí,17:38:56
2025-08-09,Azúcar,5,43.68,Sofía,No,13:59:48
2025-08-09,Cereal,9,45.44,Jorge,Sí,15:26:37
2025-08-10,Leche,10,14.73,Sofía,Sí,11:41:13
2025-08-11,Pan,9,58.05,Sofía,No,10:49:14
2025-08-11,Leche,7,27.6,Sofía,No,17:06:12
2025-08-12,Galletas,10,49.79,Jorge,Sí,11:03:30
2025-08-12,Azúcar,5,72.33,Luis,Sí,14:17:26
2025-08-12,Chocolate,3,67.03,Jorge,Sí,15:43:14
2025-08-13,Galletas,3,19.36,Ana,No,11:04:49
2025-08-13,Leche,5,56.57,Carlos,No,16:53:39
2025-08-13,Leche,3,6.16,Sofía,No,09:28:10
2025-08-14,Chocolate,7,33.5,Ana,Sí,12:21:20
2025-08-14,Azúcar,2,67.01,Carlos,No,13:16:10
2025-08-14,Chocolate,10,20.94,María,No,14:28:09
2025-08-14,Café,6,65.05,María,Sí,11:39:48
2025-08-14,Café,3,25.95,Luis,Sí,11:33:38
2025-08-15,Té,1,16.01,Ana,No,17:57:11
2025-08-16,Galletas,5,18.23,María,Sí,17:22:02
2025-08-16,Azúcar,10,11.15,Ana,No,12:16:55
2025-08-17,Chocolate,3,40.07,María,No,19:06:04
2025-08-17,Cereal,6,25.28,Carlos,No,13:59:05
2025-08-17,Galletas,6,28.58,Ana,Sí,10:36:24
2025-08-17,Café,5,62.43,Jorge,No,11:27:57
2025-08-18,Pan,3,37.33,Carlos,No,14:59:03
2025-08-18,Café,4,33.76,Carlos,No,18:15:21
2025-08-18,Galletas,10,72.03,María,No,12:09:07
2025-08-19,Leche,1,32.4,Sofía,Sí,18:04:57
2025-08-19,Pan,3,28.06,Luis,No,17:37:38
2025-08-19,Café,7,36.79,Ana,Sí,15:02:53
2025-08-19,Pan,9,21.84,Carlos,No,13:05:44
2025-08-19,Galletas,10,51.29,Carlos,No,18:06:36
2025-08-20,Té,9,42.77,Jorge,Sí,16:52:45
2025-08-20,Azúcar,9,41.83,Sofía,No,09:53:57
2025-08-20,Chocolate,6,38.18,Jorge,No,18:33:02
2025-08-20,Café,3,50.36,Carlos,No,10:44:25
2025-08-20,Té,5,20.91,Luis,Sí,19:29:11
2025-08-21,Pan,1,56.33,Carlos,Sí,12:02:35
2025-08-21,Café,6,44.22,Luis,No,16:13:44
2025-08-21,Té,6,24.76,Carlos,Sí,09:48:26
2025-08-21,Azúcar,10,64.07,María,No,10:50:03
2025-08-22,Café,9,48.1,Jorge,No,15:43:03
2025-08-22,Leche,5,32.85,Carlos,No,08:06:44
2025-08-22,Chocolate,9,24.7,Sofía,No,15:58:19
2025-08-22,Té,4,44.93,Luis,No,14:47:21
2025-08-22,Galletas,7,14.61,Jorge,No,18:18:15
2025-08-23,Pan,1,16.51,Ana,No,14:35:09
2025-08-23,Pan,9,49.67,Carlos,Sí,09:06:59
2025-08-23,Pan,2,9.19,María,Sí,10:48:57
2025-08-24,Pan,6,37.85,Sofía,No,13:28:23
2025-08-24,Chocolate,5,21.42,Sofía,Sí,18:55:30
2025-08-25,Chocolate,10,33.27,Luis,Sí,17:51:52
2025-08-25,Té,2,25.02,María,No,16:05:26
2025-08-26,Chocolate,9,71.35,Jorge,No,11:41:23
2025-08-27,Té,10,35.57,Ana,No,19:45:38
2025-08-27,Cereal,3,34.46,María,No,08:10:21
2025-08-27,Azúcar,5,45.32,Carlos,No,17:12:31
2025-08-27,Té,2,24.58,Luis,No,20:22:15
2025-08-27,Té,10,27.79,Carlos,No,16:42:36
2025-08-28,Cereal,3,28.75,Luis,Sí,11:24:29
2025-08-28,Chocolate,8,73.49,Luis,Sí,08:13:57
2025-08-29,Pan,10,27.79,Carlos,Sí,18:28:18
2025-08-29,Cereal,9,58.28,Carlos,No,11:55:24
2025-08-30,Chocolate,2,65.1,María,Sí,20:00:44
2025-08-31,Chocolate,7,25.23,Carlos,No,09:05:53
2025-09-01,Chocolate,2,30.04,Sofía,No,13:12:43
2025-09-01,Café,7,73.59,María,No,19:10:26
2025-09-01,Galletas,2,47.01,María,Sí,10:53:10
2025-09-01,Leche,1,34.49,Sofía,Sí,14:20:34
2025-09-01,Café,5,17.79,Sofía,Sí,16:58:49
2025-09-02,Galletas,10,39.63,Ana,Sí,16:58:18
2025-09-02,Café,5,39.26,Carlos,Sí,08:31:59
2025-09-02,Café,6,51.15,Carlos,Sí,09:53:11
2025-09-03,Chocolate,1,33.69,Jorge,Sí,18:10:23
2025-09-03,Chocolate,2,49.37,Carlos,Sí,17:18:14
2025-09-03,Chocolate,5,70.23,Ana,Sí,14:06:36
2025-09-03,Azúcar,4,74.4,Ana,Sí,12:40:45
2025-09-04,Azúcar,10,29.9,Carlos,No,20:36:32
2025-09-05,Galletas,5,62.04,Luis,No,08:36:34
2025-09-05,Galletas,6,29.55,Sofía,Sí,08:48:26
2025-09-06,Café,3,25.51,Sofía,No,19:00:50
2025-09-06,Galletas,9,10.35,Carlos,No,08:03:39
2025-09-06,Leche,4,26.99,Jorge,No,18:53:07
2025-09-06,Cereal,3,44.18,Sofía,Sí,08:34:17
2025-09-06,Café,8,56.82,María,Sí,18:08:03
2025-09-07,Café,3,9.92,Jorge,No,15:51:11
2025-09-07,Azúcar,9,45.0,Luis,Sí,15:56:28
2025-09-08,Pan,1,5.36,Luis,Sí,11:24:01
2025-09-08,Chocolate,1,54.61,María,No,11:03:30
2025-09-08,Azúcar,8,72.26,Sofía,Sí,16:46:56
2025-09-08,Azúcar,6,23.99,Carlos,Sí,08:28:03
2025-09-08,Azúcar,2,70.72,Carlos,Sí,10:38:36
2025-09-09,Té,6,24.9,Sofía,No,19:16:52
2025-09-10,Azúcar,7,59.97,Jorge,No,10:11:47
2025-09-11,Chocolate,7,55.16,Carlos,Sí,16:37:36
2025-09-11,Chocolate,8,40.44,María,Sí,10:57:38
2025-09-11,Café,3,26.77,Carlos,Sí,20:43:56
2025-09-11,Azúcar,9,8.57,Sofía,No,16:31:01
2025-09-11,Café,2,20.64,Ana,No,11:53:53
2025-09-12,Cereal,1,61.22,Luis,Sí,12:46:53
2025-09-13,Azúcar,5,20.52,Ana,Sí,17:37:16
2025-09-13,Cereal,6,31.29,María,No,08:06:01
2025-09-14,Cereal,8,17.87,Carlos,Sí,09:08:16
2025-09-14,Leche,1,12.87,Jorge,No,16:50:37
2025-09-14,Galletas,4,64.57,Ana,Sí,18:58:41
2025-09-15,Café,3,12.65,Ana,No,16:29:51
2025-09-15,Leche,1,65.56,Carlos,Sí,20:30:52
2025-09-16,Leche,5,21.44,Luis,Sí,18:48:25
2025-09-16,Leche,3,49.19,Ana,Sí,09:13:23
2025-09-16,Leche,3,70.58,Carlos,Sí,09:30:03
2025-09-16,Azúcar,2,39.16,Jorge,Sí,19:14:06
2025-09-17,Galletas,7,51.71,María,Sí,08:26:20
2025-09-17,Té,6,44.63,Jorge,Sí,09:55:11
2025-09-17,Azúcar,3,71.23,Sofía,Sí,20:20:04
2025-09-18,Café,7,50.06,Carlos,Sí,20:31:13
2025-09-18,Azúcar,5,5.65,Jorge,No,08:01:24
2025-09-18,Café,4,64.48,Sofía,No,20:55:29
2025-09-18,Galletas,2,19.76,Jorge,Sí,15:47:45
2025-09-19,Chocolate,8,24.18,María,No,16:48:54
2025-09-19,Pan,9,73.27,María,Sí,09:30:01
2025-09-19,Café,5,67.76,Carlos,Sí,14:18:31
2025-09-20,Galletas,3,27.0,Ana,Sí,15:13:38
2025-09-21,Leche,4,6.57,Luis,Sí,11:31:47
2025-09-21,Cereal,6,41.37,Sofía,Sí,18:20:15
2025-09-21,Cereal,1,51.73,Sofía,No,19:51:52
2025-09-22,Café,1,58.89,María,Sí,19:31:42
2025-09-22,Leche,9,41.22,Luis,Sí,09:35:05
2025-09-22,Leche,1,74.91,María,Sí,08:54:14
2025-09-22,Café,6,6.76,Luis,No,15:39:42
2025-09-22,Leche,5,48.61,Jorge,No,14:33:31
2025-09-23,Leche,7,40.13,Sofía,Sí,12:59:30
2025-09-23,Azúcar,6,73.2,Sofía,Sí,18:36:22
2025-09-23,Pan,1,13.22,Ana,No,10:23:34
2025-09-23,Galletas,7,55.27,Jorge,No,15:01:40
2025-09-24,Té,7,6.65,Luis,No,12:21:26
2025-09-24,Café,1,74.46,María,Sí,12:56:49
2025-09-24,Cereal,6,19.3,Carlos,Sí,08:58:35
2025-09-24,Azúcar,9,15.09,Luis,No,20:26:45
2025-09-24,Pan,3,32.94,Luis,No,19:00:14
2025-09-25,Café,9,57.57,Carlos,No,19:31:07
2025-09-25,Chocolate,9,23.52,Jorge,No,13:18:27
2025-09-25,Azúcar,3,53.32,Luis,No,13:21:07
2025-09-25,Cereal,3,15.13,Sofía,No,14:10:57
2025-09-26,Pan,7,63.22,Luis,Sí,17:02:00
2025-09-26,Café,1,31.87,Jorge,Sí,15:53:33
2025-09-27,Café,7,16.54,María,No,15:43:16
2025-09-28,Café,2,71.93,Jorge,Sí,14:48:57
2025-09-28,Cereal,2,13.57,Luis,Sí,09:01:32
2025-09-28,Té,3,12.37,Luis,Sí,11:07:07
2025-09-28,Té,3,66.86,Carlos,No,17:51:36
2025-09-29,Chocolate,10,46.06,María,Sí,11:01:44
2025-09-29,Azúcar,10,51.63,Jorge,No,09:30:29
2025-09-29,Azúcar,1,41.89,Ana,Sí,19:30:47
2025-09-29,Chocolate,2,67.18,Jorge,Sí,18:58:00
2025-09-30,Pan,2,74.94,Ana,Sí,13:43:58
2025-10-01,Pan,1,13.36,Carlos,Sí,12:37:51
2025-10-01,Leche,10,53.59,Luis,Sí,11:07:52
2025-10-01,Chocolate,5,48.59,Sofía,No,13:23:47
2025-10-02,Pan,6,52.83,Luis,No,14:49:38
2025-10-02,Café,3,55.06,Luis,No,13:30:18
2025-10-02,Té,9,74.53,Luis,No,19:11:34
2025-10-02,Café,6,34.31,Carlos,Sí,19:01:37
2025-10-03,Cereal,3,71.17,Sofía,No,11:33:36
2025-10-03,Galletas,3,8.35,Sofía,No,15:03:36
2025-10-03,Leche,3,42.56,Jorge,Sí,08:00:55
2025-10-03,Té,4,72.72,Carlos,No,12:28:46
2025-10-03,Chocolate,5,66.76,Luis,No,11:17:53
2025-10-04,Té,1,32.79,Sofía,No,15:36:12
2025-10-04,Té,8,13.54,María,No,17:15:50
2025-10-04,Leche,9,30.5,Jorge,No,08:07:21
2025-10-05,Chocolate,1,10.39,Carlos,Sí,16:44:34
2025-10-05,Cereal,8,40.63,María,Sí,13:12:28
2025-10-06,Té,2,49.41,Jorge,Sí,15:18:48
2025-10-07,Cereal,3,65.99,Sofía,No,16:08:44
2025-10-08,Pan,2,7.91,Ana,No,12:46:30
2025-10-08,Pan,8,41.24,Carlos,No,19:24:13
2025-10-08,Leche,9,47.07,Ana,Sí,18:27:19
2025-10-08,Pan,5,15.38,María,No,09:09:23
2025-10-08,Leche,2,72.31,Carlos,No,14:11:11
2025-10-09,Galletas,10,56.29,Ana,No,19:43:01
2025-10-09,Galletas,8,27.48,Sofía,Sí,19:59:39
2025-10-09,Pan,2,54.06,Carlos,Sí,15:38:54
2025-10-09,Azúcar,7,38.89,Ana,Sí,19:51:46
2025-10-10,Té,4,33.51,Carlos,Sí,19:29:56
2025-10-10,Pan,1,21.01,Carlos,Sí,14:10:03
2025-10-11,Azúcar,7,9.88,Jorge,Sí,14:26:52
2025-10-11,Azúcar,6,62.82,Luis,No,13:22:27
2025-10-11,Azúcar,2,65.3,Sofía,Sí,17:46:34
2025-10-11,Leche,2,21.63,María,Sí,12:17:12
2025-10-11,Cereal,10,14.6,Ana,No,20:19:40
2025-10-12,Té,2,51.34,Ana,Sí,12:15:46
2025-10-12,Azúcar,10,49.42,Luis,Sí,17:44:51
2025-10-12,Té,9,62.19,Sofía,No,15:23:08
2025-10-12,Leche,2,32.18,Luis,Sí,08:49:15
2025-10-12,Cereal,6,71.72,Sofía,No,14:58:47
2025-10-13,Café,1,63.32,Sofía,Sí,11:23:21
2025-10-13,Pan,3,66.89,Jorge,Sí,20:35:51
2025-10-13,Galletas,1,74.92,María,Sí,09:27:41
2025-10-13,Leche,6,33.36,Carlos,No,09:41:55
2025-10-14,Leche,3,49.64,Carlos,Sí,12:52:43
2025-10-14,Galletas,6,58.57,María,Sí,09:21:29
2025-10-14,Pan,3,37.28,Sofía,Sí,18:18:04
2025-10-15,Azúcar,6,72.77,Carlos,Sí,10:44:30
2025-10-16,Cereal,4,29.1,María,Sí,17:18:06
2025-10-16,Chocolate,9,47.47,Sofía,Sí,15:10:31
2025-10-16,Cereal,4,16.8,Sofía,Sí,20:55:39
2025-10-17,Leche,1,44.58,Luis,Sí,18:44:57
2025-10-17,Pan,8,31.91,María,No,09:32:36
2025-10-18,Azúcar,2,19.71,Ana,Sí,19:29:00
2025-10-18,Chocolate,8,19.34,Carlos,No,20:48:39
2025-10-18,Café,3,33.46,María,No,19:57:03
2025-10-18,Pan,5,15.48,María,Sí,12:18:28
2025-10-18,Café,1,70.31,Jorge,Sí,17:12:59
2025-10-19,Pan,6,55.94,Sofía,No,09:36:05
2025-10-19,Chocolate,6,41.47,Carlos,No,17:08:01
2025-10-19,Galletas,10,28.47,María,Sí,09:50:20
2025-10-20,Galletas,1,51.94,Sofía,No,08:23:36
2025-10-21,Té,5,32.95,Sofía,Sí,09:40:57
2025-10-21,Chocolate,5,23.82,Ana,No,19:21:31
2025-10-21,Azúcar,9,17.19,Jorge,Sí,13:49:50
2025-10-21,Café,2,13.05,Jorge,Sí,18:31:05
2025-10-21,Leche,8,21.0,Luis,No,10:55:33
2025-10-22,Azúcar,6,50.19,Luis,No,08:50:49
2025-10-22,Té,6,38.75,Carlos,No,09:51:24
2025-10-22,Cereal,3,45.91,Jorge,Sí,16:59:03
2025-10-22,Chocolate,5,53.59,Carlos,No,08:15:48
2025-10-22,Cereal,10,73.53,Ana,Sí,17:10:50
2025-10-23,Azúcar,3,55.6,Carlos,Sí,15:35:51
2025-10-23,Cereal,9,31.15,María,No,09:27:58
2025-10-23,Cereal,8,67.58,Sofía,No,14:39:08
2025-10-23,Leche,7,7.35,María,Sí,20:59:51
2025-10-23,Galletas,4,8.99,María,No,13:59:39
2025-10-24,Pan,4,15.29,María,No,09:04:25
2025-10-24,Chocolate,8,23.59,Luis,Sí,16:20:00
2025-10-24,Cereal,1,60.51,María,No,08:16:08
2025-10-25,Té,5,70.4,María,No,15:09:21
2025-10-25,Pan,3,74.68,Luis,No,18:49:03
2025-10-25,Pan,5,33.52,Luis,Sí,13:14:29
2025-10-26,Cereal,2,43.82,Sofía,Sí,10:59:04
2025-10-27,Café,5,46.03,Ana,Sí,08:56:40
2025-10-27,Pan,4,60.35,Carlos,Sí,17:03:56
2025-10-27,Cereal,1,42.63,Jorge,No,20:28:05
2025-10-28,Pan,8,53.06,Luis,No,13:53:19
2025-10-28,Cereal,9,8.8,Sofía,No,17:30:30
2025-10-28,Pan,10,48.87,Luis,Sí,12:17:02
2025-10-28,Azúcar,2,28.44,Jorge,Sí,10:40:59
2025-10-29,Café,7,52.65,Carlos,No,13:32:12
2025-10-29,Pan,9,64.09,Ana,Sí,17:13:52
2025-10-30,Chocolate,3,15.84,Sofía,Sí,14:33:27
2025-10-30,Galletas,4,9.24,Jorge,Sí,13:43:06
2025-10-30,Leche,2,74.66,Sofía,Sí,17:40:56
2025-10-30,Azúcar,4,41.36,Carlos,Sí,08:02:56
2025-10-30,Galletas,7,70.38,Ana,Sí,08:50:07
2025-10-31,Galletas,6,67.18,Sofía,No,12:06:04
2025-11-01,Galletas,5,44.76,Sofía,Sí,14:40:33
2025-11-01,Chocolate,2,26.51,Ana,Sí,18:14:41
2025-11-02,Chocolate,1,69.13,Jorge,Sí,13:07:22
2025-11-02,Azúcar,1,67.55,Ana,No,16:24:16
2025-11-02,Leche,2,64.46,Sofía,No,13:20:23
2025-11-02,Leche,9,52.62,Carlos,Sí,18:53:59
2025-11-02,Leche,8,38.99,Jorge,No,17:52:03
2025-11-03,Chocolate,3,41.2,Ana,No,13:37:26
2025-11-03,Pan,4,57.98,María,No,12:40:58
2025-11-04,Cereal,9,24.76,Carlos,Sí,12:07:02
2025-11-04,Chocolate,5,44.87,Sofía,Sí,18:59:03
2025-11-05,Chocolate,1,53.85,Ana,No,13:02:00
2025-11-06,Galletas,7,8.38,Sofía,No,20:56:17
2025-11-06,Té,10,23.45,Jorge,Sí,20:15:53
2025-11-06,Cereal,5,61.82,Luis,No,09:53:25
2025-11-07,Azúcar,10,54.82,Jorge,Sí,20:22:40
2025-11-07,Azúcar,1,71.48,Carlos,No,08:06:03
2025-11-08,Té,5,41.85,Jorge,No,20:06:58
2025-11-08,Café,1,68.09,Luis,No,08:49:25
2025-11-08,Chocolate,10,19.77,Ana,Sí,17:45:30
2025-11-09,Leche,6,24.53,Luis,Sí,15:11:23
2025-11-09,Té,4,47.15,Sofía,Sí,13:07:31
2025-11-10,Té,9,49.96,Luis,No,12:07:10
2025-11-10,Chocolate,5,21.64,Sofía,Sí,19:25:34
2025-11-10,Té,6,73.83,Carlos,Sí,13:37:33
2025-11-10,Azúcar,7,31.11,Luis,Sí,20:29:12
2025-11-11,Galletas,3,16.98,Carlos,Sí,11:13:35
2025-11-12,Té,8,38.28,Sofía,Sí,17:41:05
2025-11-13,Leche,7,45.44,Carlos,Sí,11:37:46
2025-11-13,Leche,9,60.17,Ana,No,15:24:53
2025-11-13,Azúcar,10,31.81,Carlos,Sí,13:05:06
2025-11-13,Azúcar,6,63.64,Carlos,Sí,18:41:23
2025-11-13,Café,10,52.15,Jorge,Sí,14:11:46
2025-11-14,Galletas,9,66.55,Sofía,Sí,16:10:15
2025-11-14,Café,4,21.11,Sofía,Sí,15:08:22
2025-11-14,Leche,7,61.65,Sofía,Sí,20:34:04
2025-11-15,Galletas,5,6.7,Jorge,No,19:28:00
2025-11-15,Té,3,9.84,Carlos,Sí,08:03:06
2025-11-15,Café,4,8.03,Luis,Sí,15:48:16
2025-11-15,Té,5,72.43,Carlos,No,19:24:02
2025-11-15,Café,6,20.03,Jorge,No,12:43:59
2025-11-16,Té,3,67.6,Ana,No,12:58:33
2025-11-16,Leche,8,44.87,Carlos,No,14:33:38
2025-11-17,Té,4,37.09,Jorge,No,12:33:17
2025-11-17,Pan,1,26.4,Luis,No,13:31:50
2025-11-17,Galletas,4,60.06,Carlos,Sí,14:59:35
2025-11-18,Café,2,52.92,Sofía,Sí,11:23:26
2025-11-18,Pan,2,31.53,Sofía,Sí,16:55:51
2025-11-18,Pan,5,64.14,Jorge,No,14:45:57
2025-11-19,Té,1,61.34,María,No,08:52:44
2025-11-19,Cereal,7,48.29,Sofía,Sí,18:30:44
2025-11-20,Chocolate,4,47.11,Sofía,No,16:11:05
2025-11-20,Azúcar,9,42.71,Jorge,No,17:29:23
2025-11-20,Café,2,9.9,Jorge,No,11:46:56
2025-11-20,Cereal,10,43.81,Sofía,No,16:46:13
2025-11-20,Leche,2,46.86,Sofía,Sí,15:45:59
2025-11-21,Pan,2,68.77,María,No,12:37:40
2025-11-22,Azúcar,4,37.56,Carlos,Sí,11:47:34
2025-11-22,Pan,8,66.16,Carlos,Sí,10:34:52
2025-11-22,Leche,2,20.76,Jorge,Sí,11:40:21
2025-11-22,Galletas,9,7.08,Carlos,Sí,10:04:55
2025-11-23,Café,4,29.92,Luis,No,18:31:17
2025-11-23,Chocolate,5,37.93,Jorge,No,17:12:19
2025-11-23,Chocolate,10,19.74,María,Sí,14:22:37
2025-11-23,Cereal,7,58.18,Luis,Sí,14:17:39
2025-11-23,Chocolate,7,9.25,Ana,No,16:21:11
2025-11-24,Cereal,10,65.33,María,No,16:34:26
2025-11-24,Leche,2,58.95,Luis,Sí,19:15:59
2025-11-24,Té,9,41.77,María,Sí,09:30:31
2025-11-25,Galletas,3,6.24,Sofía,Sí,10:25:19
2025-11-26,Pan,8,30.89,Jorge,No,16:02:02
2025-11-26,Café,6,13.36,Luis,No,20:00:57
2025-11-26,Galletas,1,34.5,Jorge,Sí,09:55:27
2025-11-26,Galletas,4,51.46,María,Sí,09:23:25
2025-11-26,Café,6,21.15,Luis,No,08:29:37
2025-11-27,Chocolate,2,54.95,Jorge,Sí,18:45:45
2025-11-27,Galletas,1,30.78,Sofía,No,10:57:07
2025-11-27,Galletas,10,53.68,Carlos,No,12:53:01
2025-11-28,Pan,7,46.32,Jorge,Sí,14:40:22
2025-11-29,Azúcar,9,19.86,Sofía,No,10:25:30
2025-11-30,Café,8,64.71,María,No,11:19:49
2025-11-30,Galletas,3,8.81,Carlos,Sí,20:21:57
2025-12-01,Pan,5,68.11,Jorge,Sí,18:21:36
2025-12-01,Café,9,40.81,Carlos,No,16:12:29
2025-12-01,Leche,4,66.53,María,No,17:25:57
2025-12-01,Pan,7,27.17,Carlos,Sí,20:06:25
2025-12-01,Cereal,4,61.64,Luis,No,19:45:48
2025-12-02,Cereal,5,17.62,Luis,Sí,15:22:26
2025-12-03,Azúcar,2,48.8,Sofía,No,15:52:02
2025-12-03,Té,1,14.47,Luis,Sí,14:17:50
2025-12-03,Galletas,3,24.63,Jorge,No,14:51:22
2025-12-04,Azúcar,6,40.97,Jorge,Sí,18:32:30
2025-12-04,Azúcar,8,9.56,Ana,Sí,18:04:59
2025-12-04,Azúcar,5,66.33,Sofía,Sí,18:45:55
2025-12-04,Leche,2,50.47,Sofía,No,16:00:12
2025-12-04,Azúcar,3,53.84,Ana,Sí,19:25:40
2025-12-05,Café,6,10.53,Sofía,Sí,09:52:18
2025-12-05,Cereal,1,41.87,Ana,Sí,18:59:00
2025-12-05,Pan,5,74.13,Luis,No,10:56:22
2025-12-05,Pan,1,44.9,Jorge,No,09:07:24
2025-12-05,Té,1,41.92,Sofía,No,19:49:05
2025-12-06,Pan,7,56.45,Luis,No,16:38:02
2025-12-06,Café,3,31.53,Carlos,No,10:40:56
2025-12-06,Azúcar,5,26.29,Ana,Sí,09:14:37
2025-12-07,Té,7,9.31,Ana,No,12:21:29
2025-12-07,Café,9,22.88,Sofía,No,16:20:21
2025-12-07,Té,10,66.89,Carlos,No,13:08:26
2025-12-07,Azúcar,2,56.99,Jorge,Sí,20:58:55
2025-12-07,Azúcar,9,18.8,Jorge,No,11:43:10
2025-12-08,Cereal,10,26.7,Carlos,Sí,18:58:20
2025-12-08,Pan,1,21.63,Ana,Sí,08:47:20
2025-12-08,Cereal,10,6.32,Carlos,Sí,15:47:41
2025-12-09,Azúcar,9,10.15,Carlos,Sí,19:02:47
2025-12-10,Té,4,63.44,Carlos,Sí,18:06:08
2025-12-10,Té,1,59.4,María,No,11:51:39
2025-12-11,Té,3,27.21,Luis,Sí,14:04:10
2025-12-11,Chocolate,9,46.5,Sofía,Sí,19:15:09
2025-12-12,Galletas,9,29.44,Sofía,Sí,19:44:01
2025-12-12,Azúcar,7,71.5,María,No,15:28:24
2025-12-13,Té,3,43.44,Ana,Sí,08:33:44
2025-12-14,Té,2,34.27,Ana,No,15:38:24
2025-12-14,Cereal,4,53.8,Ana,No,15:52:13
2025-12-14,Galletas,8,50.67,Sofía,No,13:02:24
2025-12-14,Pan,1,60.7,Luis,Sí,17:24:27
2025-12-14,Azúcar,5,70.86,María,No,11:26:23
2025-12-15,Cereal,8,22.35,Carlos,No,12:04:29
2025-12-15,Azúcar,3,67.16,Sofía,Sí,12:54:09
2025-12-15,Galletas,3,28.82,Jorge,No,19:53:16
2025-12-16,Galletas,6,7.11,Sofía,Sí,19:30:21
2025-12-17,Leche,1,8.25,Ana,Sí,19:18:21
2025-12-18,Azúcar,9,8.81,Luis,No,11:44:24
2025-12-19,Azúcar,9,43.59,Luis,Sí,20:17:44
2025-12-19,Té,6,36.03,Ana,No,11:21:47
2025-12-20,Leche,7,65.41,Ana,No,20:37:29
2025-12-20,Azúcar,8,44.15,Luis,Sí,17:01:27
2025-12-21,Cereal,6,33.1,Carlos,No,08:17:20
2025-12-21,Pan,3,50.3,Carlos,No,13:12:04
2025-12-21,Cereal,8,65.42,Jorge,No,08:44:17
2025-12-22,Pan,1,7.5,Carlos,No,19:08:45
2025-12-22,Chocolate,9,38.76,María,Sí,17:32:01
2025-12-22,Chocolate,8,63.3,Sofía,Sí,11:50:52
2025-12-22,Café,10,51.21,Jorge,Sí,13:41:24
2025-12-22,Té,6,15.69,Luis,Sí,14:37:27
2025-12-23,Pan,1,15.45,Jorge,Sí,12:01:53
2025-12-23,Azúcar,6,26.13,Sofía,Sí,13:31:11
2025-12-23,Té,9,7.93,María,Sí,15:28:35
2025-12-23,Chocolate,1,41.98,Luis,No,10:50:07
2025-12-23,Leche,8,35.45,Ana,No,10:49:04
2025-12-24,Galletas,3,8.1,Luis,No,10:59:28
2025-12-24,Pan,4,49.54,Luis,Sí,14:33:00
2025-12-25,Café,9,23.94,Carlos,No,12:45:56
2025-12-25,Leche,7,50.02,Ana,Sí,19:38:16
2025-12-25,Café,10,67.45,Carlos,No,18:58:15
2025-12-26,Galletas,8,68.39,Carlos,Sí,08:02:21
2025-12-26,Pan,1,18.77,Jorge,No,08:05:44
2025-12-26,Café,5,15.09,María,Sí,20:06:21
2025-12-27,Azúcar,2,10.34,Luis,Sí,18:55:15
2025-12-27,Leche,3,7.53,Ana,No,09:27:57
2025-12-27,Café,7,73.42,Luis,Sí,11:56:20
2025-12-27,Café,6,12.21,Ana,Sí,13:31:21
2025-12-27,Café,3,19.83,Sofía,No,16:56:43
2025-12-28,Té,6,5.79,Jorge,No,18:04:48
2025-12-28,Galletas,2,30.29,Jorge,Sí,09:27:54
2025-12-28,Chocolate,1,53.41,María,No,15:35:42
2025-12-29,Chocolate,10,44.8,Luis,Sí,10:23:04
2025-12-29,Azúcar,4,59.34,María,Sí,18:43:06
2025-12-29,Azúcar,3,45.9,Jorge,Sí,12:29:18
2025-12-30,Cereal,7,54.84,Jorge,No,11:05:05
2025-12-30,Chocolate,1,32.32,María,Sí,13:30:46
2025-12-30,Chocolate,1,27.6,Carlos,Sí,20:35:26
2025-12-30,Café,1,44.67,Carlos,Sí,19:03:33
2025-12-30,Leche,8,55.51,Ana,Sí,15:36:59
2025-12-31,Chocolate,2,41.71,Luis,No,20:19:53
